--
-- PostgreSQL database dump
--

-- Dumped from database version 17.0
-- Dumped by pg_dump version 17.0

SET statement_timeout = 0;
SET lock_timeout = 0;
SET idle_in_transaction_session_timeout = 0;
SET transaction_timeout = 0;
SET client_encoding = 'UTF8';
SET standard_conforming_strings = on;
SELECT pg_catalog.set_config('search_path', '', false);
SET check_function_bodies = false;
SET xmloption = content;
SET client_min_messages = warning;
SET row_security = off;

SET default_tablespace = '';

SET default_table_access_method = heap;

--
-- Name: auth_group; Type: TABLE; Schema: public; Owner: postgres
--

CREATE TABLE public.auth_group (
    id integer NOT NULL,
    name character varying(150) NOT NULL
);


ALTER TABLE public.auth_group OWNER TO postgres;

--
-- Name: auth_group_id_seq; Type: SEQUENCE; Schema: public; Owner: postgres
--

ALTER TABLE public.auth_group ALTER COLUMN id ADD GENERATED BY DEFAULT AS IDENTITY (
    SEQUENCE NAME public.auth_group_id_seq
    START WITH 1
    INCREMENT BY 1
    NO MINVALUE
    NO MAXVALUE
    CACHE 1
);


--
-- Name: auth_group_permissions; Type: TABLE; Schema: public; Owner: postgres
--

CREATE TABLE public.auth_group_permissions (
    id bigint NOT NULL,
    group_id integer NOT NULL,
    permission_id integer NOT NULL
);


ALTER TABLE public.auth_group_permissions OWNER TO postgres;

--
-- Name: auth_group_permissions_id_seq; Type: SEQUENCE; Schema: public; Owner: postgres
--

ALTER TABLE public.auth_group_permissions ALTER COLUMN id ADD GENERATED BY DEFAULT AS IDENTITY (
    SEQUENCE NAME public.auth_group_permissions_id_seq
    START WITH 1
    INCREMENT BY 1
    NO MINVALUE
    NO MAXVALUE
    CACHE 1
);


--
-- Name: auth_permission; Type: TABLE; Schema: public; Owner: postgres
--

CREATE TABLE public.auth_permission (
    id integer NOT NULL,
    name character varying(255) NOT NULL,
    content_type_id integer NOT NULL,
    codename character varying(100) NOT NULL
);


ALTER TABLE public.auth_permission OWNER TO postgres;

--
-- Name: auth_permission_id_seq; Type: SEQUENCE; Schema: public; Owner: postgres
--

ALTER TABLE public.auth_permission ALTER COLUMN id ADD GENERATED BY DEFAULT AS IDENTITY (
    SEQUENCE NAME public.auth_permission_id_seq
    START WITH 1
    INCREMENT BY 1
    NO MINVALUE
    NO MAXVALUE
    CACHE 1
);


--
-- Name: django_admin_log; Type: TABLE; Schema: public; Owner: postgres
--

CREATE TABLE public.django_admin_log (
    id integer NOT NULL,
    action_time timestamp with time zone NOT NULL,
    object_id text,
    object_repr character varying(200) NOT NULL,
    action_flag smallint NOT NULL,
    change_message text NOT NULL,
    content_type_id integer,
    user_id bigint NOT NULL,
    CONSTRAINT django_admin_log_action_flag_check CHECK ((action_flag >= 0))
);


ALTER TABLE public.django_admin_log OWNER TO postgres;

--
-- Name: django_admin_log_id_seq; Type: SEQUENCE; Schema: public; Owner: postgres
--

ALTER TABLE public.django_admin_log ALTER COLUMN id ADD GENERATED BY DEFAULT AS IDENTITY (
    SEQUENCE NAME public.django_admin_log_id_seq
    START WITH 1
    INCREMENT BY 1
    NO MINVALUE
    NO MAXVALUE
    CACHE 1
);


--
-- Name: django_content_type; Type: TABLE; Schema: public; Owner: postgres
--

CREATE TABLE public.django_content_type (
    id integer NOT NULL,
    app_label character varying(100) NOT NULL,
    model character varying(100) NOT NULL
);


ALTER TABLE public.django_content_type OWNER TO postgres;

--
-- Name: django_content_type_id_seq; Type: SEQUENCE; Schema: public; Owner: postgres
--

ALTER TABLE public.django_content_type ALTER COLUMN id ADD GENERATED BY DEFAULT AS IDENTITY (
    SEQUENCE NAME public.django_content_type_id_seq
    START WITH 1
    INCREMENT BY 1
    NO MINVALUE
    NO MAXVALUE
    CACHE 1
);


--
-- Name: django_migrations; Type: TABLE; Schema: public; Owner: postgres
--

CREATE TABLE public.django_migrations (
    id bigint NOT NULL,
    app character varying(255) NOT NULL,
    name character varying(255) NOT NULL,
    applied timestamp with time zone NOT NULL
);


ALTER TABLE public.django_migrations OWNER TO postgres;

--
-- Name: django_migrations_id_seq; Type: SEQUENCE; Schema: public; Owner: postgres
--

ALTER TABLE public.django_migrations ALTER COLUMN id ADD GENERATED BY DEFAULT AS IDENTITY (
    SEQUENCE NAME public.django_migrations_id_seq
    START WITH 1
    INCREMENT BY 1
    NO MINVALUE
    NO MAXVALUE
    CACHE 1
);


--
-- Name: django_session; Type: TABLE; Schema: public; Owner: postgres
--

CREATE TABLE public.django_session (
    session_key character varying(40) NOT NULL,
    session_data text NOT NULL,
    expire_date timestamp with time zone NOT NULL
);


ALTER TABLE public.django_session OWNER TO postgres;

--
-- Name: storage_categories; Type: TABLE; Schema: public; Owner: postgres
--

CREATE TABLE public.storage_categories (
    id bigint NOT NULL,
    name character varying(255)
);


ALTER TABLE public.storage_categories OWNER TO postgres;

--
-- Name: storage_categories_id_seq; Type: SEQUENCE; Schema: public; Owner: postgres
--

ALTER TABLE public.storage_categories ALTER COLUMN id ADD GENERATED BY DEFAULT AS IDENTITY (
    SEQUENCE NAME public.storage_categories_id_seq
    START WITH 1
    INCREMENT BY 1
    NO MINVALUE
    NO MAXVALUE
    CACHE 1
);


--
-- Name: storage_customuser; Type: TABLE; Schema: public; Owner: postgres
--

CREATE TABLE public.storage_customuser (
    id bigint NOT NULL,
    password character varying(128) NOT NULL,
    last_login timestamp with time zone,
    is_superuser boolean NOT NULL,
    username character varying(150) NOT NULL,
    first_name character varying(150) NOT NULL,
    last_name character varying(150) NOT NULL,
    email character varying(254) NOT NULL,
    is_staff boolean NOT NULL,
    is_active boolean NOT NULL,
    date_joined timestamp with time zone NOT NULL,
    tg character varying(255),
    tel character varying(255),
    position_name character varying(255),
    department_id bigint,
    department_old character varying(255)
);


ALTER TABLE public.storage_customuser OWNER TO postgres;

--
-- Name: storage_customuser_groups; Type: TABLE; Schema: public; Owner: postgres
--

CREATE TABLE public.storage_customuser_groups (
    id bigint NOT NULL,
    customuser_id bigint NOT NULL,
    group_id integer NOT NULL
);


ALTER TABLE public.storage_customuser_groups OWNER TO postgres;

--
-- Name: storage_customuser_groups_id_seq; Type: SEQUENCE; Schema: public; Owner: postgres
--

ALTER TABLE public.storage_customuser_groups ALTER COLUMN id ADD GENERATED BY DEFAULT AS IDENTITY (
    SEQUENCE NAME public.storage_customuser_groups_id_seq
    START WITH 1
    INCREMENT BY 1
    NO MINVALUE
    NO MAXVALUE
    CACHE 1
);


--
-- Name: storage_customuser_id_seq; Type: SEQUENCE; Schema: public; Owner: postgres
--

ALTER TABLE public.storage_customuser ALTER COLUMN id ADD GENERATED BY DEFAULT AS IDENTITY (
    SEQUENCE NAME public.storage_customuser_id_seq
    START WITH 1
    INCREMENT BY 1
    NO MINVALUE
    NO MAXVALUE
    CACHE 1
);


--
-- Name: storage_customuser_user_permissions; Type: TABLE; Schema: public; Owner: postgres
--

CREATE TABLE public.storage_customuser_user_permissions (
    id bigint NOT NULL,
    customuser_id bigint NOT NULL,
    permission_id integer NOT NULL
);


ALTER TABLE public.storage_customuser_user_permissions OWNER TO postgres;

--
-- Name: storage_customuser_user_permissions_id_seq; Type: SEQUENCE; Schema: public; Owner: postgres
--

ALTER TABLE public.storage_customuser_user_permissions ALTER COLUMN id ADD GENERATED BY DEFAULT AS IDENTITY (
    SEQUENCE NAME public.storage_customuser_user_permissions_id_seq
    START WITH 1
    INCREMENT BY 1
    NO MINVALUE
    NO MAXVALUE
    CACHE 1
);


--
-- Name: storage_departments; Type: TABLE; Schema: public; Owner: postgres
--

CREATE TABLE public.storage_departments (
    id bigint NOT NULL,
    name character varying(50) NOT NULL
);


ALTER TABLE public.storage_departments OWNER TO postgres;

--
-- Name: storage_departments_id_seq; Type: SEQUENCE; Schema: public; Owner: postgres
--

ALTER TABLE public.storage_departments ALTER COLUMN id ADD GENERATED BY DEFAULT AS IDENTITY (
    SEQUENCE NAME public.storage_departments_id_seq
    START WITH 1
    INCREMENT BY 1
    NO MINVALUE
    NO MAXVALUE
    CACHE 1
);


--
-- Name: storage_modelaccesscontrol; Type: TABLE; Schema: public; Owner: postgres
--

CREATE TABLE public.storage_modelaccesscontrol (
    id bigint NOT NULL,
    fields_to_disable jsonb,
    model_name_id integer,
    model_name_old character varying(255)
);


ALTER TABLE public.storage_modelaccesscontrol OWNER TO postgres;

--
-- Name: storage_modelaccesscontrol_groups; Type: TABLE; Schema: public; Owner: postgres
--

CREATE TABLE public.storage_modelaccesscontrol_groups (
    id bigint NOT NULL,
    modelaccesscontrol_id bigint NOT NULL,
    group_id integer NOT NULL
);


ALTER TABLE public.storage_modelaccesscontrol_groups OWNER TO postgres;

--
-- Name: storage_modelaccesscontrol_groups_id_seq; Type: SEQUENCE; Schema: public; Owner: postgres
--

ALTER TABLE public.storage_modelaccesscontrol_groups ALTER COLUMN id ADD GENERATED BY DEFAULT AS IDENTITY (
    SEQUENCE NAME public.storage_modelaccesscontrol_groups_id_seq
    START WITH 1
    INCREMENT BY 1
    NO MINVALUE
    NO MAXVALUE
    CACHE 1
);


--
-- Name: storage_modelaccesscontrol_id_seq; Type: SEQUENCE; Schema: public; Owner: postgres
--

ALTER TABLE public.storage_modelaccesscontrol ALTER COLUMN id ADD GENERATED BY DEFAULT AS IDENTITY (
    SEQUENCE NAME public.storage_modelaccesscontrol_id_seq
    START WITH 1
    INCREMENT BY 1
    NO MINVALUE
    NO MAXVALUE
    CACHE 1
);


--
-- Name: storage_modelcolors; Type: TABLE; Schema: public; Owner: postgres
--

CREATE TABLE public.storage_modelcolors (
    id bigint NOT NULL,
    name character varying(50) NOT NULL,
    color character varying(6) NOT NULL
);


ALTER TABLE public.storage_modelcolors OWNER TO postgres;

--
-- Name: storage_modelcolors_id_seq; Type: SEQUENCE; Schema: public; Owner: postgres
--

ALTER TABLE public.storage_modelcolors ALTER COLUMN id ADD GENERATED BY DEFAULT AS IDENTITY (
    SEQUENCE NAME public.storage_modelcolors_id_seq
    START WITH 1
    INCREMENT BY 1
    NO MINVALUE
    NO MAXVALUE
    CACHE 1
);


--
-- Name: storage_orders; Type: TABLE; Schema: public; Owner: postgres
--

CREATE TABLE public.storage_orders (
    id bigint NOT NULL,
    order_date date NOT NULL,
    accounted_in_1c boolean,
    invoice_number character varying(100),
    delivery_status character varying(50) NOT NULL,
    documents character varying(50) NOT NULL,
    document_flow character varying(50) NOT NULL,
    waiting_date date,
    manager_id bigint,
    product_request_id bigint,
    manager_old character varying(255),
    product_request_old character varying(255),
    order_accepted boolean NOT NULL
);


ALTER TABLE public.storage_orders OWNER TO postgres;

--
-- Name: storage_orders_id_seq; Type: SEQUENCE; Schema: public; Owner: postgres
--

ALTER TABLE public.storage_orders ALTER COLUMN id ADD GENERATED BY DEFAULT AS IDENTITY (
    SEQUENCE NAME public.storage_orders_id_seq
    START WITH 1
    INCREMENT BY 1
    NO MINVALUE
    NO MAXVALUE
    CACHE 1
);


--
-- Name: storage_pivottable; Type: TABLE; Schema: public; Owner: postgres
--

CREATE TABLE public.storage_pivottable (
    id bigint NOT NULL,
    request_about character varying(255),
    invoice_number character varying(100),
    waiting_date date,
    delivery_status character varying(50),
    document_flow character varying(50),
    documents character varying(50),
    accounted_in_1c boolean,
    request_quantity integer,
    project_code character varying(100),
    detail_name character varying(255),
    detail_code character varying(100),
    delivery_location character varying(50),
    deadline_delivery_date date,
    request_date date,
    sku character varying(100),
    product_image character varying(100),
    supplier character varying(255),
    product_link character varying(200),
    packaging_unit character varying(10),
    has_on_storage integer,
    has_on_storage_near integer,
    supply_date date,
    supply_quantity integer,
    not_delivered_pcs integer,
    storage_cell character varying(255),
    order_id bigint,
    responsible_id bigint,
    product_movie_id bigint,
    product_request_id bigint,
    product_name_id bigint,
    CONSTRAINT storage_pivottable_has_on_storage_check CHECK ((has_on_storage >= 0)),
    CONSTRAINT storage_pivottable_has_on_storage_near_check CHECK ((has_on_storage_near >= 0)),
    CONSTRAINT storage_pivottable_not_delivered_pcs_check CHECK ((not_delivered_pcs >= 0)),
    CONSTRAINT storage_pivottable_request_quantity_check CHECK ((request_quantity >= 0)),
    CONSTRAINT storage_pivottable_supply_quantity_check CHECK ((supply_quantity >= 0))
);


ALTER TABLE public.storage_pivottable OWNER TO postgres;

--
-- Name: storage_pivottable_id_seq; Type: SEQUENCE; Schema: public; Owner: postgres
--

ALTER TABLE public.storage_pivottable ALTER COLUMN id ADD GENERATED BY DEFAULT AS IDENTITY (
    SEQUENCE NAME public.storage_pivottable_id_seq
    START WITH 1
    INCREMENT BY 1
    NO MINVALUE
    NO MAXVALUE
    CACHE 1
);


--
-- Name: storage_productmovies; Type: TABLE; Schema: public; Owner: postgres
--

CREATE TABLE public.storage_productmovies (
    id bigint NOT NULL,
    record_date date NOT NULL,
    process_type character varying(50) NOT NULL,
    return_to_supplier_reason character varying(50) NOT NULL,
    movie_quantity integer,
    product_id bigint,
    new_cell_id bigint,
    reason character varying(200),
    new_cell_old character varying(255),
    product_old character varying(255),
    CONSTRAINT storage_productmovies_movie_quantity_check CHECK ((movie_quantity >= 0))
);


ALTER TABLE public.storage_productmovies OWNER TO postgres;

--
-- Name: storage_productmovies_id_seq; Type: SEQUENCE; Schema: public; Owner: postgres
--

ALTER TABLE public.storage_productmovies ALTER COLUMN id ADD GENERATED BY DEFAULT AS IDENTITY (
    SEQUENCE NAME public.storage_productmovies_id_seq
    START WITH 1
    INCREMENT BY 1
    NO MINVALUE
    NO MAXVALUE
    CACHE 1
);


--
-- Name: storage_productrequest; Type: TABLE; Schema: public; Owner: postgres
--

CREATE TABLE public.storage_productrequest (
    id bigint NOT NULL,
    request_date date NOT NULL,
    request_about character varying,
    request_quantity integer,
    delivery_location character varying(30) NOT NULL,
    delivery_address character varying,
    deadline_delivery_date date,
    responsible_id bigint,
    product_id bigint,
    project_id bigint,
    project_old character varying(255),
    product_old character varying(255),
    responsible_old character varying(255),
    request_accepted boolean NOT NULL,
    CONSTRAINT storage_productrequest_request_quantity_check CHECK ((request_quantity >= 0))
);


ALTER TABLE public.storage_productrequest OWNER TO postgres;

--
-- Name: storage_productrequest_id_seq; Type: SEQUENCE; Schema: public; Owner: postgres
--

ALTER TABLE public.storage_productrequest ALTER COLUMN id ADD GENERATED BY DEFAULT AS IDENTITY (
    SEQUENCE NAME public.storage_productrequest_id_seq
    START WITH 1
    INCREMENT BY 1
    NO MINVALUE
    NO MAXVALUE
    CACHE 1
);


--
-- Name: storage_products; Type: TABLE; Schema: public; Owner: postgres
--

CREATE TABLE public.storage_products (
    id bigint NOT NULL,
    name character varying(255) NOT NULL,
    product_link character varying(255),
    product_sku character varying(100),
    packaging_unit character varying(10) NOT NULL,
    product_image character varying(100),
    supplier_id bigint,
    supplier_old character varying(255)
);


ALTER TABLE public.storage_products OWNER TO postgres;

--
-- Name: storage_products_categories; Type: TABLE; Schema: public; Owner: postgres
--

CREATE TABLE public.storage_products_categories (
    id bigint NOT NULL,
    products_id bigint NOT NULL,
    categories_id bigint NOT NULL
);


ALTER TABLE public.storage_products_categories OWNER TO postgres;

--
-- Name: storage_products_categories_id_seq; Type: SEQUENCE; Schema: public; Owner: postgres
--

ALTER TABLE public.storage_products_categories ALTER COLUMN id ADD GENERATED BY DEFAULT AS IDENTITY (
    SEQUENCE NAME public.storage_products_categories_id_seq
    START WITH 1
    INCREMENT BY 1
    NO MINVALUE
    NO MAXVALUE
    CACHE 1
);


--
-- Name: storage_products_id_seq; Type: SEQUENCE; Schema: public; Owner: postgres
--

ALTER TABLE public.storage_products ALTER COLUMN id ADD GENERATED BY DEFAULT AS IDENTITY (
    SEQUENCE NAME public.storage_products_id_seq
    START WITH 1
    INCREMENT BY 1
    NO MINVALUE
    NO MAXVALUE
    CACHE 1
);


--
-- Name: storage_products_near_products; Type: TABLE; Schema: public; Owner: postgres
--

CREATE TABLE public.storage_products_near_products (
    id bigint NOT NULL,
    from_products_id bigint NOT NULL,
    to_products_id bigint NOT NULL
);


ALTER TABLE public.storage_products_near_products OWNER TO postgres;

--
-- Name: storage_products_near_products_id_seq; Type: SEQUENCE; Schema: public; Owner: postgres
--

ALTER TABLE public.storage_products_near_products ALTER COLUMN id ADD GENERATED BY DEFAULT AS IDENTITY (
    SEQUENCE NAME public.storage_products_near_products_id_seq
    START WITH 1
    INCREMENT BY 1
    NO MINVALUE
    NO MAXVALUE
    CACHE 1
);


--
-- Name: storage_projects; Type: TABLE; Schema: public; Owner: postgres
--

CREATE TABLE public.storage_projects (
    id bigint NOT NULL,
    creation_date date NOT NULL,
    name character varying(255) NOT NULL,
    detail_full_name character varying(255) NOT NULL,
    project_code character varying(100) NOT NULL,
    detail_name character varying(255) NOT NULL,
    detail_code character varying(100) NOT NULL,
    engineer_id bigint,
    manager_id bigint,
    engineer_old character varying(255),
    manager_old character varying(255)
);


ALTER TABLE public.storage_projects OWNER TO postgres;

--
-- Name: storage_projects_id_seq; Type: SEQUENCE; Schema: public; Owner: postgres
--

ALTER TABLE public.storage_projects ALTER COLUMN id ADD GENERATED BY DEFAULT AS IDENTITY (
    SEQUENCE NAME public.storage_projects_id_seq
    START WITH 1
    INCREMENT BY 1
    NO MINVALUE
    NO MAXVALUE
    CACHE 1
);


--
-- Name: storage_storagecells; Type: TABLE; Schema: public; Owner: postgres
--

CREATE TABLE public.storage_storagecells (
    id bigint NOT NULL,
    name character varying(255),
    info character varying(255)
);


ALTER TABLE public.storage_storagecells OWNER TO postgres;

--
-- Name: storage_storagecells_id_seq; Type: SEQUENCE; Schema: public; Owner: postgres
--

ALTER TABLE public.storage_storagecells ALTER COLUMN id ADD GENERATED BY DEFAULT AS IDENTITY (
    SEQUENCE NAME public.storage_storagecells_id_seq
    START WITH 1
    INCREMENT BY 1
    NO MINVALUE
    NO MAXVALUE
    CACHE 1
);


--
-- Name: storage_suppliers; Type: TABLE; Schema: public; Owner: postgres
--

CREATE TABLE public.storage_suppliers (
    id bigint NOT NULL,
    name character varying,
    inn character varying(50),
    ogrn character varying(50),
    address character varying,
    contact_person character varying(255),
    website character varying(255),
    email character varying(255),
    phone character varying(50),
    tg character varying(50)
);


ALTER TABLE public.storage_suppliers OWNER TO postgres;

--
-- Name: storage_suppliers_id_seq; Type: SEQUENCE; Schema: public; Owner: postgres
--

ALTER TABLE public.storage_suppliers ALTER COLUMN id ADD GENERATED BY DEFAULT AS IDENTITY (
    SEQUENCE NAME public.storage_suppliers_id_seq
    START WITH 1
    INCREMENT BY 1
    NO MINVALUE
    NO MAXVALUE
    CACHE 1
);


--
-- Data for Name: auth_group; Type: TABLE DATA; Schema: public; Owner: postgres
--

COPY public.auth_group (id, name) FROM stdin;
1	Администраторы
4	Менеджеры
2	Склад
3	Инженеры
5	Кадры
6	ПДО
\.


--
-- Data for Name: auth_group_permissions; Type: TABLE DATA; Schema: public; Owner: postgres
--

COPY public.auth_group_permissions (id, group_id, permission_id) FROM stdin;
1	1	1
2	1	2
3	1	3
4	1	4
5	1	5
6	1	6
7	1	7
8	1	8
9	1	9
10	1	10
11	1	11
12	1	12
13	1	13
14	1	14
15	1	15
16	1	16
17	1	17
18	1	18
19	1	19
20	1	20
21	1	21
22	1	22
23	1	23
24	1	24
25	1	25
26	1	26
27	1	27
28	1	28
29	1	29
30	1	30
31	1	31
32	1	32
33	1	33
34	1	34
35	1	35
36	1	36
37	1	37
38	1	38
39	1	39
40	1	40
41	1	41
42	1	42
43	1	43
44	1	44
45	1	45
46	1	46
47	1	47
48	1	48
49	1	49
50	1	50
51	1	51
52	1	52
53	1	53
54	1	54
55	1	55
56	1	56
57	1	57
58	1	58
59	1	59
60	1	60
61	1	61
62	1	62
63	1	63
64	1	64
65	1	65
66	1	66
67	1	67
68	1	68
69	1	69
70	1	70
71	1	71
72	1	72
93	2	21
94	2	22
95	2	23
96	2	24
105	2	33
106	2	34
107	2	35
108	2	36
109	2	37
110	2	38
111	2	39
112	2	40
113	2	41
114	2	42
115	2	43
116	2	44
125	2	53
126	2	54
127	2	55
128	2	56
129	2	57
130	2	58
131	2	59
132	2	60
133	2	61
134	2	62
135	2	63
136	2	64
137	2	65
138	2	66
139	2	67
140	2	68
145	3	21
146	3	22
147	3	23
148	3	24
149	3	41
150	3	42
151	3	43
152	3	44
153	3	53
154	3	54
155	3	55
156	3	56
157	3	57
158	3	58
159	3	59
160	3	60
161	3	61
162	3	62
163	3	63
164	3	64
165	3	65
166	3	66
167	3	67
168	3	68
169	3	69
170	3	70
171	3	71
172	3	72
173	4	21
174	4	22
175	4	23
176	4	24
177	4	25
178	4	26
179	4	27
180	4	28
181	4	41
182	4	42
183	4	43
184	4	44
185	4	45
186	4	46
187	4	47
188	4	48
189	4	53
190	4	54
191	4	55
192	4	56
193	4	61
194	4	62
195	4	63
196	4	64
197	4	65
198	4	66
199	4	67
200	4	68
201	3	28
202	5	8
203	5	12
204	5	45
205	5	46
206	5	47
207	5	48
208	5	49
209	5	50
210	5	51
211	5	52
212	5	25
213	5	26
214	5	27
215	5	28
216	6	21
217	6	22
218	6	23
219	6	24
220	6	25
221	6	26
222	6	27
223	6	28
224	6	29
225	6	30
226	6	31
227	6	32
228	6	33
229	6	34
230	6	35
231	6	36
232	6	45
233	6	46
234	6	47
235	6	48
236	6	49
237	6	50
238	6	51
239	6	52
240	6	53
241	6	54
242	6	55
243	6	56
244	6	57
245	6	58
246	6	59
247	6	60
248	6	61
249	6	62
250	6	63
251	6	64
252	6	65
253	6	66
254	6	67
255	6	68
\.


--
-- Data for Name: auth_permission; Type: TABLE DATA; Schema: public; Owner: postgres
--

COPY public.auth_permission (id, name, content_type_id, codename) FROM stdin;
1	Can add log entry	1	add_logentry
2	Can change log entry	1	change_logentry
3	Can delete log entry	1	delete_logentry
4	Can view log entry	1	view_logentry
5	Can add permission	2	add_permission
6	Can change permission	2	change_permission
7	Can delete permission	2	delete_permission
8	Can view permission	2	view_permission
9	Can add group	3	add_group
10	Can change group	3	change_group
11	Can delete group	3	delete_group
12	Can view group	3	view_group
13	Can add content type	4	add_contenttype
14	Can change content type	4	change_contenttype
15	Can delete content type	4	delete_contenttype
16	Can view content type	4	view_contenttype
17	Can add session	5	add_session
18	Can change session	5	change_session
19	Can delete session	5	delete_session
20	Can view session	5	view_session
21	Can add Категорию	6	add_categories
22	Can change Категорию	6	change_categories
23	Can delete Категорию	6	delete_categories
24	Can view Категорию	6	view_categories
25	Can add Отдел/Цех	7	add_departments
26	Can change Отдел/Цех	7	change_departments
27	Can delete Отдел/Цех	7	delete_departments
28	Can view Отдел/Цех	7	view_departments
29	Can add model colors	8	add_modelcolors
30	Can change model colors	8	change_modelcolors
31	Can delete model colors	8	delete_modelcolors
32	Can view model colors	8	view_modelcolors
33	Can add запись о перемещении товара	9	add_productmovies
34	Can change запись о перемещении товара	9	change_productmovies
35	Can delete запись о перемещении товара	9	delete_productmovies
36	Can view запись о перемещении товара	9	view_productmovies
37	Can add адресную ячейку	10	add_storagecells
38	Can change адресную ячейку	10	change_storagecells
39	Can delete адресную ячейку	10	delete_storagecells
40	Can view адресную ячейку	10	view_storagecells
41	Can add поставщика	11	add_suppliers
42	Can change поставщика	11	change_suppliers
43	Can delete поставщика	11	delete_suppliers
44	Can view поставщика	11	view_suppliers
45	Can add Пользователь	12	add_customuser
46	Can change Пользователь	12	change_customuser
47	Can delete Пользователь	12	delete_customuser
48	Can view Пользователь	12	view_customuser
49	Can add Правило блокировки полей формы	13	add_modelaccesscontrol
50	Can change Правило блокировки полей формы	13	change_modelaccesscontrol
51	Can delete Правило блокировки полей формы	13	delete_modelaccesscontrol
52	Can view Правило блокировки полей формы	13	view_modelaccesscontrol
53	Can add заказ по заявке	14	add_orders
54	Can change заказ по заявке	14	change_orders
55	Can delete заказ по заявке	14	delete_orders
56	Can view заказ по заявке	14	view_orders
57	Can add заявка на закуп	15	add_productrequest
58	Can change заявка на закуп	15	change_productrequest
59	Can delete заявка на закуп	15	delete_productrequest
60	Can view заявка на закуп	15	view_productrequest
61	Can add заявку и заказ закупки	16	add_pivottable
62	Can change заявку и заказ закупки	16	change_pivottable
63	Can delete заявку и заказ закупки	16	delete_pivottable
64	Can view заявку и заказ закупки	16	view_pivottable
65	Can add наименование	17	add_products
66	Can change наименование	17	change_products
67	Can delete наименование	17	delete_products
68	Can view наименование	17	view_products
69	Can add проект	18	add_projects
70	Can change проект	18	change_projects
71	Can delete проект	18	delete_projects
72	Can view проект	18	view_projects
\.


--
-- Data for Name: django_admin_log; Type: TABLE DATA; Schema: public; Owner: postgres
--

COPY public.django_admin_log (id, action_time, object_id, object_repr, action_flag, change_message, content_type_id, user_id) FROM stdin;
1	2024-11-11 15:14:42.107342+01	1	Администраторы	2	[]	3	1
2	2024-11-11 15:14:58.563455+01	2	Склад	1	[{"added": {}}]	3	1
3	2024-11-11 16:32:28.538301+01	1	Инструменты	1	[{"added": {}}]	6	1
4	2024-11-11 16:39:05.558098+01	1	Все инструменты	1	[{"added": {}}]	11	1
5	2024-11-11 16:39:14.646977+01	1	Сверло М10 | И-1	1	[{"added": {}}]	17	1
6	2024-11-11 16:40:15.205705+01	1	Андрей Коваленко	2	[{"changed": {"fields": ["First name", "Last name", "Email address", "\\u041e\\u0442\\u0434\\u0435\\u043b/\\u0426\\u0435\\u0445", "\\u0414\\u043e\\u043b\\u0436\\u043d\\u043e\\u0441\\u0442\\u044c", "\\u0413\\u0440\\u0443\\u043f\\u043f\\u044b"]}}]	12	1
7	2024-11-11 16:41:37.16757+01	2	Давид Вебб	1	[{"added": {}}]	12	1
8	2024-11-11 16:41:46.302064+01	1	Музей транспорта	1	[{"added": {}}]	18	1
9	2024-11-11 17:10:26.256539+01	3	Администрация	1	[{"added": {}}]	7	1
10	2024-11-11 17:11:09.133137+01	4	Администрация	1	[{"added": {}}]	7	1
11	2024-11-11 17:11:16.049259+01	4	Администрация	3		7	1
12	2024-11-11 18:47:45.162803+01	5	Офис	3		7	1
13	2024-11-11 19:13:15.192234+01	1	Механический инструмент	2	[{"changed": {"fields": ["\\u041a\\u0430\\u0442\\u0435\\u0433\\u043e\\u0440\\u0438\\u044f \\u0442\\u043e\\u0432\\u0430\\u0440\\u0430"]}}]	6	1
14	2024-11-11 19:24:56.84848+01	3	Инженеры	1	[{"added": {}}]	3	1
15	2024-11-11 19:25:03.845748+01	2	Давид Вебб	2	[{"changed": {"fields": ["Staff status", "\\u0413\\u0440\\u0443\\u043f\\u043f\\u044b"]}}]	12	1
16	2024-11-11 19:26:02.487676+01	3	Ольга Осадченко	1	[{"added": {}}]	12	1
17	2024-11-11 19:27:17.579439+01	4	Менеджеры	1	[{"added": {}}]	3	1
18	2024-11-11 19:27:23.550773+01	3	Ольга Осадченко	2	[{"changed": {"fields": ["Staff status", "\\u0413\\u0440\\u0443\\u043f\\u043f\\u044b"]}}]	12	1
19	2024-11-11 19:28:39.601265+01	2	Склад	2	[{"changed": {"fields": ["Permissions"]}}]	3	1
20	2024-11-11 20:33:32.885271+01	2	Дрель Арктик | ДрА-230	1	[{"added": {}}]	17	2
21	2024-11-11 20:35:58.610086+01	1	Сверло М10 | И-1	2	[{"changed": {"fields": ["\\u0424\\u043e\\u0442\\u043e / \\u0441\\u043a\\u0440\\u0438\\u043d\\u0448\\u043e\\u0442"]}}]	17	2
22	2024-11-11 20:38:19.209342+01	1	Заявка 1 на Сверло М10	1	[{"added": {}}]	15	2
23	2024-11-12 00:14:30.200638+01	1	Заказ по заявке №1	1	[{"added": {}}]	14	2
24	2024-11-12 01:47:45.474458+01	2	Заказ по заявке №1	1	[{"added": {}}]	14	2
25	2024-11-12 01:49:04.490393+01	3	Заказ по заявке №1	1	[{"added": {}}]	14	2
26	2024-11-12 04:18:55.819122+01	4	Шуруп	3		6	2
27	2024-11-12 05:06:07.9333+01	1	A1	1	[{"added": {}}]	10	1
28	2024-11-12 05:07:45.434519+01	1	1	1	[{"added": {}}]	9	1
29	2024-11-12 05:09:27.536176+01	1	1	2	[{"changed": {"fields": ["\\u0418\\u0441\\u0442\\u043e\\u0447\\u043d\\u0438\\u043a \\u043f\\u0435\\u0440\\u0435\\u043c\\u0435\\u0449\\u0435\\u043d\\u0438\\u044f"]}}]	9	1
30	2024-11-12 05:10:09.24502+01	2	A2	1	[{"added": {}}]	10	1
31	2024-11-12 05:28:01.160096+01	1	1	2	[]	9	1
32	2024-11-12 05:33:18.18045+01	1	1	2	[{"changed": {"fields": ["\\u0422\\u0438\\u043f \\u043f\\u0435\\u0440\\u0435\\u043c\\u0435\\u0449\\u0435\\u043d\\u0438\\u044f", "\\u041f\\u0440\\u0438\\u0447\\u0438\\u043d\\u0430", "\\u041d\\u0430\\u0437\\u043d\\u0430\\u0447\\u0435\\u043d\\u0438\\u0435"]}}]	9	1
33	2024-11-12 05:38:23.672474+01	1	Storage | заказ по заявке - Администраторы, Менеджеры	1	[{"added": {}}]	13	1
34	2024-11-12 15:15:18.618768+01	10	Categories object (10)	3		6	1
35	2024-11-12 15:15:18.618768+01	9	Categories object (9)	3		6	1
36	2024-11-12 15:15:18.618768+01	5	Categories object (5)	3		6	1
37	2024-11-12 15:15:18.618768+01	6	Categories object (6)	3		6	1
38	2024-11-12 15:15:18.618768+01	7	Categories object (7)	3		6	1
39	2024-11-12 15:15:18.618768+01	11	Categories object (11)	3		6	1
40	2024-11-12 15:15:18.618768+01	12	Categories object (12)	3		6	1
41	2024-11-12 16:44:15.329432+01	13	18	2	[{"changed": {"fields": ["\\u041a\\u0430\\u0442\\u0435\\u0433\\u043e\\u0440\\u0438\\u044f, \\u043f\\u0440\\u0438\\u0437\\u043d\\u0430\\u043a \\u0438\\u043b\\u0438 \\u0441\\u0432\\u043e\\u0439\\u0441\\u0442\\u0432\\u043e"]}}]	6	1
42	2024-11-12 16:44:34.76109+01	13	18	3		6	1
43	2024-11-12 17:06:28.204078+01	17	19	2	[{"changed": {"fields": ["\\u041a\\u0430\\u0442\\u0435\\u0433\\u043e\\u0440\\u0438\\u044f, \\u043f\\u0440\\u0438\\u0437\\u043d\\u0430\\u043a \\u0438\\u043b\\u0438 \\u0441\\u0432\\u043e\\u0439\\u0441\\u0442\\u0432\\u043e"]}}]	6	1
44	2024-11-12 17:06:51.77925+01	21	20	1	[{"added": {}}]	6	1
45	2024-11-12 17:07:13.047063+01	23	22	1	[{"added": {}}]	6	1
46	2024-11-12 17:07:41.048841+01	17	19	3		6	1
47	2024-11-12 17:07:41.048841+01	21	20	3		6	1
48	2024-11-12 17:07:41.048841+01	23	22	3		6	1
49	2024-11-12 17:38:10.745953+01	2	24	2	[{"changed": {"fields": ["\\u041d\\u0430\\u0438\\u043c\\u0435\\u043d\\u043e\\u0432\\u0430\\u043d\\u0438\\u0435", "SKU / \\u0410\\u0440\\u0442\\u0438\\u043a\\u0443\\u043b", "\\u0424\\u043e\\u0442\\u043e / \\u0441\\u043a\\u0440\\u0438\\u043d\\u0448\\u043e\\u0442"]}}]	17	1
50	2024-11-12 17:39:31.050292+01	2	25	2	[{"changed": {"fields": ["\\u041d\\u0430\\u0438\\u043c\\u0435\\u043d\\u043e\\u0432\\u0430\\u043d\\u0438\\u0435"]}}]	17	1
51	2024-11-12 18:42:06.128586+01	10	Столярный	3		7	1
52	2024-11-12 22:55:11.199014+01	27	ewewewweew	3		6	1
53	2024-11-12 22:55:11.199014+01	29	ewwee223	3		6	1
54	2024-11-12 22:55:11.199014+01	30	уц	3		6	1
55	2024-11-12 22:55:29.609634+01	24	24	2	[{"changed": {"fields": ["\\u0422\\u0435\\u0433 (\\u043a\\u0430\\u0442\\u0435\\u0433\\u043e\\u0440\\u0438\\u044f, \\u0441\\u0432\\u043e\\u0439\\u0441\\u0442\\u0432\\u043e, \\u043f\\u0440\\u0438\\u0437\\u043d\\u0430\\u043a)"]}}]	6	1
56	2024-11-12 22:55:37.97095+01	24	24	3		6	1
57	2024-11-12 23:38:23.954505+01	32	weewewew	3		6	1
58	2024-11-13 01:58:36.642718+01	17	16	3		7	1
59	2024-11-13 01:58:46.23964+01	20	19	3		7	1
60	2024-11-13 01:58:50.168788+01	22	21	3		7	1
61	2024-11-13 01:58:56.561403+01	16	Сборочный	3		7	1
62	2024-11-13 01:59:01.236147+01	19	Снабжение	3		7	1
63	2024-11-13 01:59:05.763498+01	21	ЦГЦГЦГЦ	3		7	1
64	2024-11-13 02:47:50.1008+01	38	23233223	3		6	1
65	2024-11-13 02:47:50.1008+01	37	23233223	3		6	1
66	2024-11-13 02:47:50.1008+01	36	GGG	3		6	1
67	2024-11-13 02:47:50.1008+01	35	GGG	3		6	1
68	2024-11-13 02:47:50.1008+01	46	New	3		6	1
69	2024-11-13 02:47:50.1008+01	45	New	3		6	1
70	2024-11-13 02:47:50.1008+01	44	New	3		6	1
71	2024-11-13 02:47:50.1008+01	43	New	3		6	1
72	2024-11-13 02:47:50.1008+01	42	New	3		6	1
73	2024-11-13 02:47:50.1008+01	41	New	3		6	1
74	2024-11-13 02:47:50.1008+01	40	New	3		6	1
75	2024-11-13 02:47:50.1008+01	39	New	3		6	1
76	2024-11-13 03:13:17.576528+01	50	2332322332	3		6	1
77	2024-11-13 03:13:17.576528+01	49	deweweew	3		6	1
78	2024-11-14 07:41:46.695304+01	51	ewewrwweewrwerwerewrerw	3		6	1
79	2024-11-14 07:41:46.695304+01	54	weweert239872	3		6	1
80	2024-11-14 07:41:46.695304+01	53	weweert239872	3		6	1
81	2024-11-14 07:41:46.695304+01	52	weweert239872	3		6	1
82	2024-11-14 07:41:46.695304+01	34	Кулон	3		6	1
83	2024-11-14 07:41:46.695304+01	48	Малярный	3		6	1
84	2024-11-14 07:41:46.695304+01	47	Малярный	3		6	1
85	2024-11-14 07:41:46.695304+01	55		3		6	1
86	2024-11-14 07:48:21.989858+01	56	Лаки по дереву	2	[{"changed": {"fields": ["\\u0422\\u0435\\u0433 (\\u043a\\u0430\\u0442\\u0435\\u0433\\u043e\\u0440\\u0438\\u044f, \\u0441\\u0432\\u043e\\u0439\\u0441\\u0442\\u0432\\u043e, \\u043f\\u0440\\u0438\\u0437\\u043d\\u0430\\u043a)"]}}]	6	1
87	2024-11-14 08:46:33.80717+01	58		3		6	1
88	2024-11-14 09:27:40.280171+01	59	RAL	2	[{"changed": {"fields": ["\\u041a\\u0430\\u0442\\u0435\\u0433\\u043e\\u0440\\u0438\\u044f/\\u043f\\u0440\\u0438\\u0437\\u043d\\u0430\\u043a"]}}]	6	1
89	2024-11-14 09:36:54.74143+01	61	ddffd	3		6	1
90	2024-11-14 09:36:54.74143+01	60		3		6	1
91	2024-11-14 09:41:02.373038+01	63	Пленка самоклеющаяся	2	[{"changed": {"fields": ["\\u041a\\u0430\\u0442\\u0435\\u0433\\u043e\\u0440\\u0438\\u044f/\\u043f\\u0440\\u0438\\u0437\\u043d\\u0430\\u043a"]}}]	6	1
92	2024-11-14 09:49:37.10644+01	26	24;llk;l2	3		7	1
93	2024-11-14 09:49:37.10644+01	25	24;llk;l2	3		7	1
94	2024-11-14 09:49:37.10644+01	7	3D	3		7	1
95	2024-11-14 09:49:37.10644+01	23	4344343	3		7	1
96	2024-11-14 09:49:37.10644+01	24	IIIIIIIw	3		7	1
97	2024-11-14 09:50:09.195194+01	14	Малярныйй	2	[{"changed": {"fields": ["\\u041e\\u0442\\u0434\\u0435\\u043b/\\u0426\\u0435\\u0445"]}}]	7	1
98	2024-11-14 09:50:15.183305+01	14	Малярный	2	[{"changed": {"fields": ["\\u041e\\u0442\\u0434\\u0435\\u043b/\\u0426\\u0435\\u0445"]}}]	7	1
99	2024-11-14 10:29:32.234455+01	33	III	3		7	1
100	2024-11-14 10:29:32.234455+01	32	ЧЧЧ	3		7	1
101	2024-11-14 10:30:18.956988+01	64	Стекло	2	[{"changed": {"fields": ["\\u0414\\u043e\\u0431\\u0430\\u0432\\u0438\\u0442\\u044c \\u043a\\u0430\\u0442\\u0435\\u0433\\u043e\\u0440\\u0438\\u044e, \\u043f\\u0440\\u0438\\u0437\\u043d\\u0430\\u043a \\u0438\\u043b\\u0438 \\u0441\\u0432\\u043e\\u0439\\u0441\\u0442\\u0432\\u043e"]}}]	6	1
102	2024-11-14 10:34:27.389287+01	34	Администрация	2	[{"changed": {"fields": ["\\u0414\\u043e\\u0431\\u0430\\u0432\\u0438\\u0442\\u044c \\u043e\\u0442\\u0434\\u0435\\u043b \\u0438\\u043b\\u0438 \\u0446\\u0435\\u0445"]}}]	7	1
103	2024-11-14 10:34:45.297075+01	34	Администрация	3		7	1
104	2024-11-14 10:53:35.230009+01	38	iit	3		7	1
105	2024-11-14 10:53:35.230009+01	37	it	3		7	1
106	2024-11-14 10:53:35.230009+01	36	IT	3		7	1
107	2024-11-14 10:53:35.230009+01	35	IT	3		7	1
108	2024-11-14 10:53:35.230009+01	1	IT	3		7	1
109	2024-11-14 10:53:58.358525+01	13	Закупки	2	[{"changed": {"fields": ["\\u0414\\u043e\\u0431\\u0430\\u0432\\u0438\\u0442\\u044c \\u043e\\u0442\\u0434\\u0435\\u043b \\u0438\\u043b\\u0438 \\u0446\\u0435\\u0445"]}}]	7	1
110	2024-11-14 10:56:14.652902+01	30	IT	2	[{"changed": {"fields": ["\\u0414\\u043e\\u0431\\u0430\\u0432\\u0438\\u0442\\u044c \\u043e\\u0442\\u0434\\u0435\\u043b \\u0438\\u043b\\u0438 \\u0446\\u0435\\u0445"]}}]	7	1
111	2024-11-14 11:21:30.404016+01	3	AA-1	1	[{"added": {}}]	10	1
112	2024-11-14 11:41:48.629264+01	66	Электрический	2	[{"changed": {"fields": ["\\u0414\\u043e\\u0431\\u0430\\u0432\\u0438\\u0442\\u044c \\u043a\\u0430\\u0442\\u0435\\u0433\\u043e\\u0440\\u0438\\u044e, \\u043f\\u0440\\u0438\\u0437\\u043d\\u0430\\u043a \\u0438\\u043b\\u0438 \\u0441\\u0432\\u043e\\u0439\\u0441\\u0442\\u0432\\u043e"]}}]	6	1
113	2024-11-14 12:04:31.157076+01	68	RRRRr	2	[{"changed": {"fields": ["\\u0414\\u043e\\u0431\\u0430\\u0432\\u0438\\u0442\\u044c \\u043a\\u0430\\u0442\\u0435\\u0433\\u043e\\u0440\\u0438\\u044e, \\u043f\\u0440\\u0438\\u0437\\u043d\\u0430\\u043a \\u0438\\u043b\\u0438 \\u0441\\u0432\\u043e\\u0439\\u0441\\u0442\\u0432\\u043e"]}}]	6	1
114	2024-11-14 12:05:22.203917+01	59	RAL	3		6	1
115	2024-11-14 12:05:22.204915+01	70	rrrrr	3		6	1
116	2024-11-14 12:05:22.204915+01	68	RRRRr	3		6	1
117	2024-11-14 12:05:22.204915+01	69	rrrrrr	3		6	1
118	2024-11-14 14:15:51.456789+01	39	uiuuewiui	3		7	1
119	2024-11-14 14:30:22.349232+01	40	TTTUI	2	[{"changed": {"fields": ["\\u0414\\u043e\\u0431\\u0430\\u0432\\u0438\\u0442\\u044c \\u043e\\u0442\\u0434\\u0435\\u043b \\u0438\\u043b\\u0438 \\u0446\\u0435\\u0445"]}}]	7	1
120	2024-11-14 14:30:27.154565+01	40	TTTUI	3		7	1
121	2024-11-14 14:31:55.971845+01	71	gfdgg	3		6	1
122	2024-11-14 21:14:40.653262+01	41	ewew	1	[{"added": {}}]	7	1
123	2024-11-14 21:37:11.048929+01	2	Все метизы	1	[{"added": {}}]	11	1
124	2024-11-14 21:47:19.874439+01	1	Все инструменты	2	[{"changed": {"fields": ["\\u0418\\u041d\\u041d"]}}]	11	1
125	2024-11-14 21:47:36.67425+01	1	Все инструменты	2	[{"changed": {"fields": ["\\u0418\\u041d\\u041d"]}}]	11	1
126	2024-11-14 21:56:20.202627+01	2	Инженерный2	2	[{"changed": {"fields": ["\\u041e\\u0442\\u0434\\u0435\\u043b/\\u0426\\u0435\\u0445"]}}]	7	1
127	2024-11-14 21:56:33.360871+01	2	Инженерный2	3		7	1
128	2024-11-14 21:56:39.326459+01	41	ewew	3		7	1
129	2024-11-14 21:59:23.500687+01	42	Инженерный	1	[{"added": {}}]	7	1
130	2024-11-14 23:18:51.898787+01	3	Сверлим	1	[{"added": {}}]	11	1
131	2024-11-14 23:23:59.144911+01	4	AA-2	1	[{"added": {}}]	10	1
132	2024-11-14 23:25:58.940059+01	4	Все все	1	[{"added": {}}]	11	1
133	2024-11-15 00:24:45.646759+01	2	A2	2	[{"changed": {"fields": ["\\u0418\\u043d\\u0444\\u043e\\u0440\\u043c\\u0430\\u0446\\u0438\\u044f \\u043e \\u044f\\u0447\\u0435\\u0439\\u043a\\u0435"]}}]	10	1
134	2024-11-15 05:09:06.51214+01	3	dsfsfss	1	[{"added": {}}]	17	1
135	2024-11-15 05:09:59.618094+01	3	Штапик	2	[{"changed": {"fields": ["\\u041d\\u0430\\u0438\\u043c\\u0435\\u043d\\u043e\\u0432\\u0430\\u043d\\u0438\\u0435"]}}]	17	1
136	2024-11-15 05:10:26.402372+01	2	Лобзик	2	[{"changed": {"fields": ["\\u041d\\u0430\\u0438\\u043c\\u0435\\u043d\\u043e\\u0432\\u0430\\u043d\\u0438\\u0435"]}}]	17	1
137	2024-11-15 05:11:44.785671+01	3	Штапик	2	[]	17	1
138	2024-11-15 05:13:10.313729+01	4	Пила	1	[{"added": {}}]	17	1
139	2024-11-15 05:14:05.402988+01	74	Стеклянные шары	1	[{"added": {}}]	6	1
140	2024-11-15 05:14:15.781016+01	4	Пила	2	[{"changed": {"fields": ["\\u041a\\u0430\\u0442\\u0435\\u0433\\u043e\\u0440\\u0438\\u044f / \\u043f\\u0440\\u0438\\u0437\\u043d\\u0430\\u043a"]}}]	17	1
141	2024-11-15 05:15:04.539242+01	75	Металлическое полотно	1	[{"added": {}}]	6	1
142	2024-11-15 05:15:11.500746+01	4	Пила	2	[{"changed": {"fields": ["\\u041a\\u0430\\u0442\\u0435\\u0433\\u043e\\u0440\\u0438\\u044f / \\u043f\\u0440\\u0438\\u0437\\u043d\\u0430\\u043a"]}}]	17	1
143	2024-11-15 05:15:27.628088+01	4	Пила	2	[{"changed": {"fields": ["\\u041a\\u0430\\u0442\\u0435\\u0433\\u043e\\u0440\\u0438\\u044f / \\u043f\\u0440\\u0438\\u0437\\u043d\\u0430\\u043a"]}}]	17	1
144	2024-11-15 05:16:07.965231+01	4	Пила	3		17	1
145	2024-11-15 05:16:07.965231+01	4	Пила	3		17	1
146	2024-11-15 05:16:31.990649+01	3	Штапик	2	[{"changed": {"fields": ["\\u041a\\u0430\\u0442\\u0435\\u0433\\u043e\\u0440\\u0438\\u044f / \\u043f\\u0440\\u0438\\u0437\\u043d\\u0430\\u043a"]}}]	17	1
147	2024-11-15 05:18:27.947359+01	76	Трудный	1	[{"added": {}}]	6	1
148	2024-11-15 05:18:37.76854+01	3	Штапик	2	[]	17	1
149	2024-11-15 05:25:12.844711+01	5	Опилки	1	[{"added": {}}]	17	1
150	2024-11-15 05:42:33.242152+01	2	Лобзик	2	[{"changed": {"fields": ["\\u041f\\u043e\\u0441\\u0442\\u0430\\u0432\\u0449\\u0438\\u043a"]}}]	17	1
151	2024-11-15 05:42:50.362751+01	3	Штапик	2	[{"changed": {"fields": ["\\u041a\\u0430\\u0442\\u0435\\u0433\\u043e\\u0440\\u0438\\u044f / \\u043f\\u0440\\u0438\\u0437\\u043d\\u0430\\u043a"]}}]	17	1
152	2024-11-15 05:50:36.65986+01	3	Штапик	2	[]	17	1
153	2024-11-15 05:50:47.632411+01	2	Лобзик	2	[{"changed": {"fields": ["\\u041f\\u043e\\u0441\\u0442\\u0430\\u0432\\u0449\\u0438\\u043a"]}}]	17	1
154	2024-11-15 06:03:06.356296+01	1	Сверло М10	2	[]	17	1
155	2024-11-15 06:03:59.714565+01	1	Сверло М10	2	[{"changed": {"fields": ["\\u041a\\u0430\\u0442\\u0435\\u0433\\u043e\\u0440\\u0438\\u044f / \\u043f\\u0440\\u0438\\u0437\\u043d\\u0430\\u043a"]}}]	17	1
156	2024-11-15 16:12:20.3337+01	6	уцуцуцуц	1	[{"added": {}}]	17	1
157	2024-11-16 00:10:37.355016+01	2	Лобзик	2	[{"changed": {"fields": ["\\u041a\\u0430\\u0442\\u0435\\u0433\\u043e\\u0440\\u0438\\u044f / \\u043f\\u0440\\u0438\\u0437\\u043d\\u0430\\u043a"]}}]	17	1
158	2024-11-16 00:13:42.576796+01	77	по дереву	1	[{"added": {}}]	6	1
159	2024-11-16 00:13:56.555151+01	1	Сверло М10	2	[{"changed": {"fields": ["\\u041a\\u0430\\u0442\\u0435\\u0433\\u043e\\u0440\\u0438\\u044f / \\u043f\\u0440\\u0438\\u0437\\u043d\\u0430\\u043a"]}}]	17	1
160	2024-11-16 00:15:32.561915+01	2	Лобзик	2	[{"changed": {"fields": ["\\u041a\\u0430\\u0442\\u0435\\u0433\\u043e\\u0440\\u0438\\u044f / \\u043f\\u0440\\u0438\\u0437\\u043d\\u0430\\u043a"]}}]	17	1
161	2024-11-16 00:16:05.997966+01	3	Штапик 10х10	2	[{"changed": {"fields": ["\\u041d\\u0430\\u0438\\u043c\\u0435\\u043d\\u043e\\u0432\\u0430\\u043d\\u0438\\u0435"]}}]	17	1
162	2024-11-16 00:16:15.015966+01	6	уцуцуцуц	3		17	1
163	2024-11-16 00:22:29.942371+01	78	ПВХ	1	[{"added": {}}]	6	1
164	2024-11-16 00:22:46.212524+01	7	Лента	1	[{"added": {}}]	17	1
165	2024-11-16 00:23:30.376196+01	79	Ограждение	1	[{"added": {}}]	6	1
166	2024-11-16 00:23:42.058163+01	7	Лента	2	[{"changed": {"fields": ["\\u041a\\u0430\\u0442\\u0435\\u0433\\u043e\\u0440\\u0438\\u044f / \\u043f\\u0440\\u0438\\u0437\\u043d\\u0430\\u043a"]}}]	17	1
167	2024-11-16 00:23:58.451411+01	80	Сигнальная	1	[{"added": {}}]	6	1
168	2024-11-16 00:24:10.115997+01	7	Лента	2	[{"changed": {"fields": ["\\u041a\\u0430\\u0442\\u0435\\u0433\\u043e\\u0440\\u0438\\u044f / \\u043f\\u0440\\u0438\\u0437\\u043d\\u0430\\u043a"]}}]	17	1
169	2024-11-16 00:31:21.721522+01	81	настольная	1	[{"added": {}}]	6	1
170	2024-11-16 00:32:21.657483+01	8	Подставка	1	[{"added": {}}]	17	1
171	2024-11-16 00:37:05.340291+01	8	Подставка	2	[]	17	1
172	2024-11-16 01:28:50.820886+01	5	Пленки	1	[{"added": {}}]	11	1
173	2024-11-16 08:56:58.25596+01	2	Заявка 2 на Лента	1	[{"added": {}}]	15	1
174	2024-11-18 03:33:49.945638+01	43	11	2	[]	7	1
175	2024-11-18 03:34:02.911019+01	43	11	3		7	1
176	2024-11-18 03:44:26.626303+01	2	Давид Вебб	2	[{"changed": {"fields": ["\\u041e\\u0442\\u0434\\u0435\\u043b/\\u0426\\u0435\\u0445"]}}]	12	2
177	2024-11-18 04:59:42.241953+01	4	Дмитрий Барсуков	1	[{"added": {}}]	12	1
178	2024-11-18 05:00:00.619665+01	4	Дмитрий Барсуков	2	[{"changed": {"fields": ["Staff status", "Superuser status", "\\u0413\\u0440\\u0443\\u043f\\u043f\\u044b"]}}]	12	1
179	2024-11-18 05:10:36.192253+01	2	Давид Вебб	2	[{"changed": {"fields": ["\\u0413\\u0440\\u0443\\u043f\\u043f\\u044b"]}}]	12	1
180	2024-11-18 05:33:34.12416+01	1	Заявка 1 на Сверло М10	2	[{"changed": {"fields": ["\\u041a\\u0443\\u0434\\u0430 \\u0432\\u0435\\u0437\\u0435\\u043c?", "\\u0410\\u0434\\u0440\\u0435\\u0441"]}}]	15	1
181	2024-11-18 05:49:34.9531+01	44	Сварной2	3		7	1
182	2024-11-18 05:54:47.689957+01	3	Инженеры	2	[{"changed": {"fields": ["Permissions"]}}]	3	1
183	2024-11-18 06:06:35.018376+01	1	Управление складом и закупками | заказ по заявке - Администраторы, Менеджеры	2	[]	13	1
184	2024-11-18 06:09:03.262228+01	2	Управление складом и закупками | пользователя - Администраторы	1	[{"added": {}}]	13	1
185	2024-11-18 06:16:13.01469+01	5	Кадры	1	[{"added": {}}]	3	1
186	2024-11-18 06:16:34.723125+01	4	Дмитрий Барсуков	2	[]	12	1
187	2024-11-18 06:16:46.18103+01	3	Ольга Осадченко	2	[{"changed": {"fields": ["\\u0413\\u0440\\u0443\\u043f\\u043f\\u044b"]}}]	12	1
188	2024-11-18 06:18:13.596887+01	3	Ольга Осадченко	2	[{"changed": {"fields": ["\\u0413\\u0440\\u0443\\u043f\\u043f\\u044b"]}}]	12	3
189	2024-11-18 06:21:05.237714+01	2	Управление складом и закупками | пользователя - Администраторы, Кадры	2	[{"changed": {"fields": ["\\u0413\\u0440\\u0443\\u043f\\u043f\\u044b \\u0440\\u0435\\u0434\\u0430\\u043a\\u0442\\u043e\\u0440\\u043e\\u0432"]}}]	13	1
190	2024-11-18 06:21:56.255628+01	2	Давид Вебб	2	[{"changed": {"fields": ["\\u0413\\u0440\\u0443\\u043f\\u043f\\u044b"]}}]	12	3
191	2024-11-18 06:22:20.338023+01	2	Давид Вебб	2	[]	12	3
192	2024-11-18 06:23:39.187757+01	2	Давид Вебб	2	[{"changed": {"fields": ["\\u0413\\u0440\\u0443\\u043f\\u043f\\u044b"]}}]	12	3
193	2024-11-18 06:29:00.786864+01	1	Андрей Коваленко	2	[{"changed": {"fields": ["\\u041e\\u0442\\u0434\\u0435\\u043b/\\u0426\\u0435\\u0445"]}}]	12	1
194	2024-11-18 07:07:18.456391+01	2	Давид Вебб	2	[{"changed": {"fields": ["\\u0413\\u0440\\u0443\\u043f\\u043f\\u044b"]}}]	12	3
195	2024-11-18 07:12:34.26428+01	3	Ольга Осадченко	2	[{"changed": {"fields": ["\\u0413\\u0440\\u0443\\u043f\\u043f\\u044b"]}}]	12	3
196	2024-11-18 08:28:53.892794+01	9	Пила	1	[{"added": {}}]	17	3
197	2024-11-18 08:29:53.09023+01	10	Пила	1	[{"added": {}}]	17	3
198	2024-11-18 08:36:38.488476+01	9	Пила	2	[]	17	3
203	2024-11-18 09:15:03.828452+01	15	10	1	[{"added": {}}]	17	3
204	2024-11-18 09:25:53.299834+01	16	Пилац	1	[{"added": {}}]	17	3
205	2024-11-18 09:31:21.708531+01	15	10	3		17	1
206	2024-11-18 09:35:28.312063+01	10	Пила	2	[{"changed": {"fields": ["\\u0424\\u043e\\u0442\\u043e / \\u0441\\u043a\\u0440\\u0438\\u043d\\u0448\\u043e\\u0442", "\\u041a\\u0430\\u0442\\u0435\\u0433\\u043e\\u0440\\u0438\\u044f / \\u043f\\u0440\\u0438\\u0437\\u043d\\u0430\\u043a"]}}]	17	1
207	2024-11-18 09:36:45.753431+01	17	9	1	[{"added": {}}]	17	1
208	2024-11-18 09:39:34.388998+01	17	9	3		17	1
209	2024-11-18 09:39:43.08659+01	16	Пилац	3		17	1
210	2024-11-18 09:40:37.881315+01	18	Топор	1	[{"added": {}}]	17	1
211	2024-11-18 09:55:56.351312+01	19	GGGG	1	[{"added": {}}]	17	1
212	2024-11-18 10:00:17.034072+01	19	GGGG	2	[]	17	1
213	2024-11-18 10:06:57.214074+01	20	ААА	1	[{"added": {}}]	17	1
214	2024-11-18 10:09:35.580332+01	21	HHHH2	1	[{"added": {}}]	17	1
215	2024-11-18 10:10:27.765465+01	19	GGGG	2	[]	17	1
216	2024-11-18 10:10:46.88002+01	7	Лента	2	[{"changed": {"fields": ["SKU / \\u0410\\u0440\\u0442\\u0438\\u043a\\u0443\\u043b"]}}]	17	1
217	2024-11-18 10:13:50.444341+01	2	Лобзик	2	[{"changed": {"fields": ["SKU / \\u0410\\u0440\\u0442\\u0438\\u043a\\u0443\\u043b"]}}]	17	1
218	2024-11-18 10:14:21.847487+01	22	dsasaddsaewq	1	[{"added": {}}]	17	1
219	2024-11-18 10:26:24.188392+01	22	dsasaddsaewq	3		17	1
220	2024-11-18 10:26:24.188392+01	19	GGGG	3		17	1
221	2024-11-18 10:26:24.188392+01	21	HHHH2	3		17	1
222	2024-11-18 10:26:24.188392+01	20	ААА	3		17	1
223	2024-11-18 10:47:37.05415+01	23	ККЕ	1	[{"added": {}}]	17	1
224	2024-11-18 10:56:23.755319+01	23	ККЕ	2	[{"changed": {"fields": ["\\u041f\\u043e\\u0441\\u0442\\u0430\\u0432\\u0449\\u0438\\u043a"]}}]	17	1
225	2024-11-18 11:20:37.772506+01	6	xxx	1	[{"added": {}}]	11	1
226	2024-11-18 11:22:41.542332+01	7	xxxx	1	[{"added": {}}]	11	1
227	2024-11-18 11:53:40.033803+01	8	4444	1	[{"added": {}}]	11	1
228	2024-11-18 11:55:18.113076+01	9	ННННННЕ	1	[{"added": {}}]	11	1
229	2024-11-18 12:21:01.579353+01	10	ssssssssss	1	[{"added": {}}]	11	1
230	2024-11-18 12:26:55.775961+01	11	uuuuuuuuuuuuuuuuuuuu	1	[{"added": {}}]	11	1
231	2024-11-18 12:28:27.144676+01	12	77727	1	[{"added": {}}]	11	1
232	2024-11-18 12:52:40.495713+01	13	аааааа2	1	[{"added": {}}]	11	1
233	2024-11-18 12:55:42.082353+01	14	KJhjkh	1	[{"added": {}}]	11	1
234	2024-11-18 12:58:18.013509+01	15	XZQ	1	[{"added": {}}]	11	1
235	2024-11-18 13:00:43.888331+01	16	OOO	1	[{"added": {}}]	11	1
236	2024-11-18 13:12:57.830417+01	17	РОРОР	1	[{"added": {}}]	11	1
237	2024-11-18 13:14:59.905027+01	18	ПРПР	1	[{"added": {}}]	11	1
238	2024-11-18 13:19:17.059545+01	19	JKJ	1	[{"added": {}}]	11	1
239	2024-11-18 13:20:46.221013+01	20	BVNB	1	[{"added": {}}]	11	1
240	2024-11-18 13:21:06.635359+01	24	qwqwqw	1	[{"added": {}}]	17	1
241	2024-11-18 13:21:33.957483+01	21	KKKK	1	[{"added": {}}]	11	1
242	2024-11-18 13:30:12.032152+01	22	ЯЯЯ	1	[{"added": {}}]	11	1
243	2024-11-18 13:34:37.017359+01	23	вылорвы	1	[{"added": {}}]	11	1
244	2024-11-18 13:36:58.284111+01	24	выдлоывфлд	1	[{"added": {}}]	11	1
245	2024-11-18 13:37:16.807719+01	25	ттттттттт	1	[{"added": {}}]	11	1
246	2024-11-18 13:39:25.127116+01	26	ыввввв	1	[{"added": {}}]	11	1
247	2024-11-18 13:53:12.034796+01	27	ERER	1	[{"added": {}}]	11	1
248	2024-11-18 13:55:20.455292+01	28	sddsdsds	1	[{"added": {}}]	11	1
249	2024-11-18 13:55:58.64124+01	29	sddsdsdsdsdsdsffew	1	[{"added": {}}]	11	1
250	2024-11-18 13:56:40.538346+01	30	wwwwwwwww	1	[{"added": {}}]	11	1
251	2024-11-19 00:07:42.705915+01	31	все 2	1	[{"added": {}}]	11	1
252	2024-11-19 00:10:11.200644+01	24	qwqwqw	3		17	1
253	2024-11-19 00:10:11.200644+01	23	ККЕ	3		17	1
254	2024-11-19 00:10:32.651846+01	32	ппып	1	[{"added": {}}]	11	1
255	2024-11-19 00:16:11.744328+01	33	ddd	1	[{"added": {}}]	11	1
256	2024-11-19 00:17:49.728499+01	34	rrrrrrr1	1	[{"added": {}}]	11	1
257	2024-11-19 00:22:22.819462+01	35	d3	1	[{"added": {}}]	11	1
258	2024-11-19 00:23:49.486248+01	36	Администраторы	1	[{"added": {}}]	11	1
259	2024-11-19 00:27:58.339643+01	37	Музей транспорта	1	[{"added": {}}]	11	1
260	2024-11-19 00:28:20.357011+01	38	w3	1	[{"added": {}}]	11	1
261	2024-11-19 00:31:01.277166+01	39	we3	1	[{"added": {}}]	11	1
262	2024-11-19 00:32:30.27991+01	40	we32	1	[{"added": {}}]	11	1
263	2024-11-19 00:42:58.395199+01	41	wwe	1	[{"added": {}}]	11	1
264	2024-11-19 00:44:40.873183+01	42	wwww	1	[{"added": {}}]	11	1
265	2024-11-19 02:14:30.466785+01	43	JHG	1	[{"added": {}}]	11	1
266	2024-11-19 02:16:46.881526+01	44	-	1	[{"added": {}}]	11	1
267	2024-11-19 02:49:27.440142+01	7	Лента	2	[]	17	1
268	2024-11-19 02:54:51.654202+01	45	FGH	1	[{"added": {}}]	11	1
269	2024-11-19 02:56:32.903291+01	7	Лента	2	[]	17	1
270	2024-11-19 02:57:15.805349+01	25	2	1	[{"added": {}}]	17	1
271	2024-11-19 03:29:21.945707+01	2	Глобзик	2	[{"changed": {"fields": ["\\u041d\\u0430\\u0438\\u043c\\u0435\\u043d\\u043e\\u0432\\u0430\\u043d\\u0438\\u0435"]}}]	17	1
272	2024-11-19 03:29:44.099516+01	25	2	3		17	1
273	2024-11-19 03:29:59.79054+01	26	21223ывыфй	1	[{"added": {}}]	17	1
274	2024-11-19 03:30:15.835438+01	26	ОПРОР	2	[{"changed": {"fields": ["\\u041d\\u0430\\u0438\\u043c\\u0435\\u043d\\u043e\\u0432\\u0430\\u043d\\u0438\\u0435"]}}]	17	1
275	2024-11-19 03:30:38.916175+01	46	ГОГ	1	[{"added": {}}]	11	1
276	2024-11-19 03:35:54.860752+01	47	ewr	1	[{"added": {}}]	11	1
277	2024-11-19 03:57:01.954459+01	48	ОРОР	1	[{"added": {}}]	11	1
278	2024-11-19 04:10:07.7268+01	49	OPPPOOOO	1	[{"added": {}}]	11	1
279	2024-11-19 04:10:46.19238+01	50	KJHKJHJKH	1	[{"added": {}}]	11	1
280	2024-11-19 04:17:55.013567+01	51	ZXAZ	1	[{"added": {}}]	11	1
281	2024-11-19 04:21:26.346873+01	52	ZXZ	1	[{"added": {}}]	11	1
282	2024-11-19 04:22:07.370947+01	53	VVV	1	[{"added": {}}]	11	1
283	2024-11-19 04:29:51.284961+01	54	9999	1	[{"added": {}}]	11	1
284	2024-11-19 04:38:30.739072+01	55	httttp	1	[{"added": {}}]	11	1
285	2024-11-19 04:43:02.822324+01	56	JHJJ	1	[{"added": {}}]	11	1
286	2024-11-19 04:44:16.373984+01	57	155Q	1	[{"added": {}}]	11	1
287	2024-11-19 04:45:28.729778+01	58	87687	1	[{"added": {}}]	11	1
288	2024-11-19 04:48:01.494509+01	59	KJHG	1	[{"added": {}}]	11	1
289	2024-11-19 04:53:10.820017+01	60	dsdssdsddssd	1	[{"added": {}}]	11	1
290	2024-11-19 04:54:00.633981+01	61	87723666	1	[{"added": {}}]	11	1
291	2024-11-19 04:55:25.266162+01	62	YYYY	1	[{"added": {}}]	11	1
292	2024-11-19 04:59:53.266654+01	63	VBC	1	[{"added": {}}]	11	1
293	2024-11-19 05:05:08.41889+01	64	67676	1	[{"added": {}}]	11	1
294	2024-11-19 05:06:21.556117+01	65	qwqwqw	1	[{"added": {}}]	11	1
295	2024-11-19 05:06:49.790334+01	66	saa	1	[{"added": {}}]	11	1
296	2024-11-19 05:07:32.079708+01	67	saas	1	[{"added": {}}]	11	1
297	2024-11-19 05:11:04.038344+01	68	dsw	1	[{"added": {}}]	11	1
298	2024-11-19 05:11:52.57651+01	69	cxc	1	[{"added": {}}]	11	1
299	2024-11-19 05:17:32.085348+01	70	rewd	1	[{"added": {}}]	11	1
300	2024-11-19 05:31:43.905461+01	71	hhgjg	1	[{"added": {}}]	11	1
301	2024-11-19 05:34:49.638763+01	72	weoiewuyo	1	[{"added": {}}]	11	1
302	2024-11-19 05:37:52.695317+01	73	we2	1	[{"added": {}}]	11	1
303	2024-11-19 05:41:04.061387+01	74	iewoewlm;	1	[{"added": {}}]	11	1
304	2024-11-19 05:48:16.232+01	75	йццййцйц	1	[{"added": {}}]	11	1
305	2024-11-19 05:49:00.588111+01	76	выыввы	1	[{"added": {}}]	11	1
306	2024-11-19 06:04:32.171439+01	77	цууц	1	[{"added": {}}]	11	1
307	2024-11-19 07:03:53.418013+01	78	dsdds	1	[{"added": {}}]	11	1
308	2024-11-19 07:05:06.373369+01	79	sdsdds	1	[{"added": {}}]	11	1
309	2024-11-19 07:15:33.788582+01	80	РРООО	1	[{"added": {}}]	11	1
310	2024-11-19 07:21:47.383117+01	81	ИИИИИИИИ	1	[{"added": {}}]	11	1
311	2024-11-19 07:24:48.079774+01	82	111	1	[{"added": {}}]	11	1
312	2024-11-19 07:30:21.562618+01	83	888	1	[{"added": {}}]	11	1
313	2024-11-19 07:36:34.39461+01	84	777	1	[{"added": {}}]	11	1
314	2024-11-19 07:36:37.8906+01	26	ОПРОР	2	[{"changed": {"fields": ["\\u041f\\u043e\\u0441\\u0442\\u0430\\u0432\\u0449\\u0438\\u043a"]}}]	17	1
315	2024-11-19 07:37:06.904979+01	26	Yuw	2	[{"changed": {"fields": ["\\u041d\\u0430\\u0438\\u043c\\u0435\\u043d\\u043e\\u0432\\u0430\\u043d\\u0438\\u0435", "SKU / \\u0410\\u0440\\u0442\\u0438\\u043a\\u0443\\u043b", "\\u041a\\u0430\\u0442\\u0435\\u0433\\u043e\\u0440\\u0438\\u044f / \\u043f\\u0440\\u0438\\u0437\\u043d\\u0430\\u043a"]}}]	17	1
316	2024-11-19 09:01:55.996952+01	44	-	3		11	1
317	2024-11-19 09:01:55.996952+01	82	111	3		11	1
318	2024-11-19 09:01:55.996952+01	57	155Q	3		11	1
319	2024-11-19 09:01:55.996952+01	8	4444	3		11	1
320	2024-11-19 09:01:55.996952+01	64	67676	3		11	1
321	2024-11-19 09:01:55.996952+01	84	777	3		11	1
322	2024-11-19 09:01:55.996952+01	12	77727	3		11	1
323	2024-11-19 09:01:55.996952+01	58	87687	3		11	1
324	2024-11-19 09:01:55.996952+01	61	87723666	3		11	1
325	2024-11-19 09:01:55.996952+01	83	888	3		11	1
326	2024-11-19 09:01:55.996952+01	54	9999	3		11	1
327	2024-11-19 09:01:55.996952+01	20	BVNB	3		11	1
328	2024-11-19 09:01:55.996952+01	69	cxc	3		11	1
329	2024-11-19 09:01:55.996952+01	35	d3	3		11	1
330	2024-11-19 09:01:55.996952+01	33	ddd	3		11	1
331	2024-11-19 09:01:55.996952+01	78	dsdds	3		11	1
332	2024-11-19 09:01:55.996952+01	60	dsdssdsddssd	3		11	1
333	2024-11-19 09:01:55.996952+01	68	dsw	3		11	1
334	2024-11-19 09:01:55.996952+01	27	ERER	3		11	1
335	2024-11-19 09:01:55.996952+01	47	ewr	3		11	1
336	2024-11-19 09:01:55.996952+01	45	FGH	3		11	1
337	2024-11-19 09:01:55.996952+01	71	hhgjg	3		11	1
338	2024-11-19 09:01:55.996952+01	55	httttp	3		11	1
339	2024-11-19 09:01:55.996952+01	74	iewoewlm;	3		11	1
340	2024-11-19 09:01:55.996952+01	43	JHG	3		11	1
341	2024-11-19 09:01:55.996952+01	56	JHJJ	3		11	1
342	2024-11-19 09:01:55.996952+01	19	JKJ	3		11	1
343	2024-11-19 09:01:55.996952+01	59	KJHG	3		11	1
344	2024-11-19 09:01:55.996952+01	14	KJhjkh	3		11	1
345	2024-11-19 09:01:55.996952+01	50	KJHKJHJKH	3		11	1
346	2024-11-19 09:01:55.996952+01	21	KKKK	3		11	1
347	2024-11-19 09:01:55.996952+01	49	OPPPOOOO	3		11	1
348	2024-11-19 09:01:55.996952+01	65	qwqwqw	3		11	1
349	2024-11-19 09:01:55.996952+01	70	rewd	3		11	1
350	2024-11-19 09:01:55.996952+01	34	rrrrrrr1	3		11	1
351	2024-11-19 09:01:55.997951+01	66	saa	3		11	1
352	2024-11-19 09:01:55.997951+01	67	saas	3		11	1
353	2024-11-19 09:01:55.997951+01	28	sddsdsds	3		11	1
354	2024-11-19 09:01:55.997951+01	29	sddsdsdsdsdsdsffew	3		11	1
355	2024-11-19 09:01:55.997951+01	79	sdsdds	3		11	1
356	2024-11-19 09:01:55.997951+01	10	ssssssssss	3		11	1
357	2024-11-19 09:01:55.997951+01	11	uuuuuuuuuuuuuuuuuuuu	3		11	1
358	2024-11-19 09:01:55.997951+01	63	VBC	3		11	1
359	2024-11-19 09:01:55.997951+01	53	VVV	3		11	1
360	2024-11-19 09:01:55.997951+01	38	w3	3		11	1
361	2024-11-19 09:01:55.997951+01	73	we2	3		11	1
362	2024-11-19 09:01:55.997951+01	39	we3	3		11	1
363	2024-11-19 09:01:55.997951+01	40	we32	3		11	1
364	2024-11-19 09:01:55.997951+01	72	weoiewuyo	3		11	1
365	2024-11-19 09:01:55.997951+01	41	wwe	3		11	1
366	2024-11-19 09:01:55.997951+01	42	wwww	3		11	1
367	2024-11-19 09:01:55.997951+01	30	wwwwwwwww	3		11	1
368	2024-11-19 09:01:55.997951+01	6	xxx	3		11	1
369	2024-11-19 09:01:55.997951+01	7	xxxx	3		11	1
370	2024-11-19 09:01:55.997951+01	15	XZQ	3		11	1
371	2024-11-19 09:01:55.997951+01	62	YYYY	3		11	1
372	2024-11-19 09:01:55.997951+01	51	ZXAZ	3		11	1
373	2024-11-19 09:01:55.997951+01	52	ZXZ	3		11	1
374	2024-11-19 09:01:55.997951+01	13	аааааа2	3		11	1
375	2024-11-19 09:01:55.997951+01	36	Администраторы	3		11	1
376	2024-11-19 09:01:55.997951+01	31	все 2	3		11	1
377	2024-11-19 09:01:55.997951+01	4	Все все	3		11	1
378	2024-11-19 09:01:55.997951+01	24	выдлоывфлд	3		11	1
379	2024-11-19 09:01:55.997951+01	23	вылорвы	3		11	1
380	2024-11-19 09:01:55.997951+01	76	выыввы	3		11	1
381	2024-11-19 09:01:55.997951+01	46	ГОГ	3		11	1
382	2024-11-19 09:01:55.997951+01	81	ИИИИИИИИ	3		11	1
383	2024-11-19 09:01:55.997951+01	75	йццййцйц	3		11	1
384	2024-11-19 09:01:55.997951+01	37	Музей транспорта	3		11	1
385	2024-11-19 09:01:55.997951+01	9	ННННННЕ	3		11	1
386	2024-11-19 09:01:55.997951+01	48	ОРОР	3		11	1
387	2024-11-19 09:01:55.997951+01	32	ппып	3		11	1
388	2024-11-19 09:01:55.997951+01	18	ПРПР	3		11	1
389	2024-11-19 09:01:55.997951+01	17	РОРОР	3		11	1
390	2024-11-19 09:01:55.997951+01	80	РРООО	3		11	1
391	2024-11-19 09:01:55.997951+01	25	ттттттттт	3		11	1
392	2024-11-19 09:01:55.997951+01	77	цууц	3		11	1
393	2024-11-19 09:01:55.997951+01	26	ыввввв	3		11	1
394	2024-11-19 09:01:55.997951+01	22	ЯЯЯ	3		11	1
395	2024-11-19 09:02:45.072977+01	86	XXX	1	[{"added": {}}]	11	1
396	2024-11-19 09:02:48.298969+01	27	XXX	1	[{"added": {}}]	17	1
397	2024-11-19 09:03:09.785445+01	86	XXX	3		11	1
398	2024-11-19 09:08:36.936829+01	87	ччч	1	[{"added": {}}]	11	1
399	2024-11-19 09:09:07.030003+01	27	XXX	2	[{"changed": {"fields": ["\\u041f\\u043e\\u0441\\u0442\\u0430\\u0432\\u0449\\u0438\\u043a"]}}]	17	1
400	2024-11-19 09:09:29.048391+01	87	ччч	3		11	1
401	2024-11-19 09:38:45.460323+01	88	555	1	[{"added": {}}]	11	1
402	2024-11-19 09:38:48.031959+01	27	XXX	2	[{"changed": {"fields": ["\\u041f\\u043e\\u0441\\u0442\\u0430\\u0432\\u0449\\u0438\\u043a"]}}]	17	1
403	2024-11-19 09:39:13.888831+01	88	555	3		11	1
404	2024-11-19 11:27:20.440161+01	89	iii	1	[{"added": {}}]	11	1
405	2024-11-19 11:27:23.205684+01	27	XXX	2	[{"changed": {"fields": ["\\u041f\\u043e\\u0441\\u0442\\u0430\\u0432\\u0449\\u0438\\u043a"]}}]	17	1
406	2024-11-19 11:32:48.270973+01	89	iii	3		11	1
407	2024-11-19 11:44:09.802051+01	90	jhj	1	[{"added": {}}]	11	1
408	2024-11-19 11:44:15.092227+01	27	XXX	2	[{"changed": {"fields": ["\\u041f\\u043e\\u0441\\u0442\\u0430\\u0432\\u0449\\u0438\\u043a"]}}]	17	1
409	2024-11-19 11:44:34.047542+01	90	jhj	3		11	1
410	2024-11-19 11:47:41.446614+01	91	ywywy	1	[{"added": {}}]	11	1
411	2024-11-19 11:47:44.037869+01	27	XXX	2	[{"changed": {"fields": ["\\u041f\\u043e\\u0441\\u0442\\u0430\\u0432\\u0449\\u0438\\u043a"]}}]	17	1
412	2024-11-19 11:48:08.37286+01	91	ywywy	3		11	1
413	2024-11-19 11:54:22.924519+01	92	ггг	1	[{"added": {}}]	11	1
414	2024-11-19 11:54:25.851472+01	27	XXX	2	[{"changed": {"fields": ["\\u041f\\u043e\\u0441\\u0442\\u0430\\u0432\\u0449\\u0438\\u043a"]}}]	17	1
415	2024-11-19 11:55:34.347517+01	92	ггг	3		11	1
416	2024-11-19 12:01:12.323654+01	93	екуеку	1	[{"added": {}}]	11	1
417	2024-11-19 12:01:37.720553+01	27	XXX	2	[{"changed": {"fields": ["\\u041f\\u043e\\u0441\\u0442\\u0430\\u0432\\u0449\\u0438\\u043a"]}}]	17	1
418	2024-11-19 12:02:00.714113+01	93	екуеку	3		11	1
419	2024-11-19 12:59:38.842614+01	94	Куку	1	[{"added": {}}]	11	1
420	2024-11-19 12:59:42.054298+01	28	Гребень	1	[{"added": {}}]	17	1
421	2024-11-19 12:59:50.244155+01	3	Заявка 3 на Гребень	1	[{"added": {}}]	15	1
422	2024-11-19 13:07:41.397105+01	4	Заявка 4 на Пила	1	[{"added": {}}]	15	1
423	2024-11-19 13:08:00.196197+01	4	Заказ по заявке №4	1	[{"added": {}}]	14	1
424	2024-11-21 08:40:30.663614+01	27	XXX	3		17	1
425	2024-11-21 09:16:30.280179+01	10	Пила	3		17	1
426	2024-11-21 09:17:35.556017+01	1	Сверло М10	2	[{"changed": {"fields": ["\\u0424\\u043e\\u0442\\u043e / \\u0441\\u043a\\u0440\\u0438\\u043d\\u0448\\u043e\\u0442"]}}]	17	1
427	2024-11-21 09:38:39.504919+01	1	1	2	[{"changed": {"fields": ["\\u041d\\u0430\\u0438\\u043c\\u0435\\u043d\\u043e\\u0432\\u0430\\u043d\\u0438\\u0435", "\\u0424\\u043e\\u0442\\u043e / \\u0441\\u043a\\u0440\\u0438\\u043d\\u0448\\u043e\\u0442"]}}]	17	1
428	2024-11-21 09:42:10.04862+01	1	сверло	2	[{"changed": {"fields": ["\\u041d\\u0430\\u0438\\u043c\\u0435\\u043d\\u043e\\u0432\\u0430\\u043d\\u0438\\u0435"]}}]	17	1
429	2024-11-21 09:42:37.601518+01	1	сверло	2	[{"changed": {"fields": ["SKU / \\u0410\\u0440\\u0442\\u0438\\u043a\\u0443\\u043b"]}}]	17	1
430	2024-11-21 09:42:50.383958+01	1	сверло	2	[{"changed": {"fields": ["\\u0424\\u043e\\u0442\\u043e / \\u0441\\u043a\\u0440\\u0438\\u043d\\u0448\\u043e\\u0442"]}}]	17	1
431	2024-11-21 10:05:49.018624+01	1	сверло	2	[{"changed": {"fields": ["\\u0424\\u043e\\u0442\\u043e / \\u0441\\u043a\\u0440\\u0438\\u043d\\u0448\\u043e\\u0442"]}}]	17	1
432	2024-11-21 10:16:48.877755+01	2	2	2	[{"changed": {"fields": ["\\u041d\\u0430\\u0438\\u043c\\u0435\\u043d\\u043e\\u0432\\u0430\\u043d\\u0438\\u0435"]}}]	17	1
433	2024-11-21 10:17:21.31453+01	2	гло	2	[{"changed": {"fields": ["\\u041d\\u0430\\u0438\\u043c\\u0435\\u043d\\u043e\\u0432\\u0430\\u043d\\u0438\\u0435"]}}]	17	1
434	2024-11-21 10:41:42.757529+01	73	73	2	[{"changed": {"fields": ["\\u041a\\u0430\\u0442\\u0435\\u0433\\u043e\\u0440\\u0438\\u044f/\\u043f\\u0440\\u0438\\u0437\\u043d\\u0430\\u043a"]}}]	6	1
435	2024-11-21 10:44:04.835765+01	73	RGB	2	[{"changed": {"fields": ["\\u041a\\u0430\\u0442\\u0435\\u0433\\u043e\\u0440\\u0438\\u044f/\\u043f\\u0440\\u0438\\u0437\\u043d\\u0430\\u043a"]}}]	6	1
436	2024-11-21 11:19:59.015056+01	88	88	2	[{"changed": {"fields": ["\\u041a\\u0430\\u0442\\u0435\\u0433\\u043e\\u0440\\u0438\\u044f/\\u043f\\u0440\\u0438\\u0437\\u043d\\u0430\\u043a"]}}]	6	1
437	2024-11-21 11:20:42.869915+01	88	73	2	[{"changed": {"fields": ["\\u041a\\u0430\\u0442\\u0435\\u0433\\u043e\\u0440\\u0438\\u044f/\\u043f\\u0440\\u0438\\u0437\\u043d\\u0430\\u043a"]}}]	6	1
438	2024-11-21 11:46:38.759914+01	1	Музей транспорта	2	[{"changed": {"fields": ["\\u041c\\u0435\\u043d\\u0435\\u0434\\u0436\\u0435\\u0440"]}}]	18	1
439	2024-11-21 12:43:16.962079+01	90	90	2	[{"changed": {"fields": ["\\u041a\\u0430\\u0442\\u0435\\u0433\\u043e\\u0440\\u0438\\u044f/\\u043f\\u0440\\u0438\\u0437\\u043d\\u0430\\u043a"]}}]	6	1
440	2024-11-21 13:07:03.481493+01	90	90	3		6	1
441	2024-11-21 13:18:57.915925+01	95	jhsdjhsdhj	1	[{"added": {}}]	11	1
442	2024-11-21 13:20:07.603333+01	27	EEEE	2	[{"changed": {"fields": ["\\u041d\\u0430\\u0438\\u043c\\u0435\\u043d\\u043e\\u0432\\u0430\\u043d\\u0438\\u0435", "\\u0415\\u0434\\u0438\\u043d\\u0438\\u0446\\u044b \\u0438\\u0437\\u043c\\u0435\\u0440\\u0435\\u043d\\u0438\\u044f"]}}]	17	1
443	2024-11-21 13:20:33.275265+01	96	HHHHHHH	1	[{"added": {}}]	11	1
444	2024-11-21 13:35:31.628219+01	97	FFFF	1	[{"added": {}}]	11	1
445	2024-11-21 13:35:37.57089+01	27	EEEE	2	[]	17	1
446	2024-11-21 13:35:56.503103+01	27	27	2	[{"changed": {"fields": ["\\u041d\\u0430\\u0438\\u043c\\u0435\\u043d\\u043e\\u0432\\u0430\\u043d\\u0438\\u0435"]}}]	17	1
447	2024-11-21 13:38:05.132389+01	27	9	2	[{"changed": {"fields": ["\\u041d\\u0430\\u0438\\u043c\\u0435\\u043d\\u043e\\u0432\\u0430\\u043d\\u0438\\u0435"]}}]	17	1
448	2024-11-21 13:49:17.404803+01	27	Опилки	2	[{"changed": {"fields": ["\\u041d\\u0430\\u0438\\u043c\\u0435\\u043d\\u043e\\u0432\\u0430\\u043d\\u0438\\u0435"]}}]	17	1
449	2024-11-21 13:49:54.178935+01	28	Гребень частый	2	[{"changed": {"fields": ["\\u041d\\u0430\\u0438\\u043c\\u0435\\u043d\\u043e\\u0432\\u0430\\u043d\\u0438\\u0435"]}}]	17	1
450	2024-11-21 13:50:18.607993+01	98	ылофрыфло	1	[{"added": {}}]	11	1
451	2024-11-21 13:50:21.266832+01	26	гло	2	[{"changed": {"fields": ["\\u041d\\u0430\\u0438\\u043c\\u0435\\u043d\\u043e\\u0432\\u0430\\u043d\\u0438\\u0435", "SKU / \\u0410\\u0440\\u0442\\u0438\\u043a\\u0443\\u043b", "\\u041f\\u043e\\u0441\\u0442\\u0430\\u0432\\u0449\\u0438\\u043a"]}}]	17	1
452	2024-11-21 13:50:52.033527+01	99	ЛЛЛ	1	[{"added": {}}]	11	1
453	2024-11-21 13:51:36.096864+01	100	KKK	1	[{"added": {}}]	11	1
454	2024-11-21 13:52:47.684647+01	101	22323	1	[{"added": {}}]	11	1
455	2024-11-21 13:57:33.838631+01	102	WWWW	1	[{"added": {}}]	11	1
456	2024-11-21 13:57:53.053063+01	103	iuyiuiu	1	[{"added": {}}]	11	1
457	2024-11-21 13:59:24.400777+01	26	губцы	2	[{"changed": {"fields": ["\\u041d\\u0430\\u0438\\u043c\\u0435\\u043d\\u043e\\u0432\\u0430\\u043d\\u0438\\u0435", "\\u041f\\u043e\\u0441\\u0442\\u0430\\u0432\\u0449\\u0438\\u043a"]}}]	17	1
458	2024-11-21 14:19:07.297757+01	91	73	2	[]	6	1
459	2024-11-21 14:19:20.657021+01	92	lklkl	2	[]	6	1
460	2024-11-21 14:19:35.238147+01	91	73	3		6	1
461	2024-11-21 14:19:51.396482+01	92	lklkl	3		6	1
462	2024-11-21 14:20:09.348843+01	73	RGB LED	2	[{"changed": {"fields": ["\\u041a\\u0430\\u0442\\u0435\\u0433\\u043e\\u0440\\u0438\\u044f/\\u043f\\u0440\\u0438\\u0437\\u043d\\u0430\\u043a"]}}]	6	1
463	2024-11-21 15:24:29.282792+01	104	XXX	1	[{"added": {}}]	11	1
464	2024-11-21 15:24:35.699703+01	2	гло	2	[{"changed": {"fields": ["\\u041f\\u043e\\u0441\\u0442\\u0430\\u0432\\u0449\\u0438\\u043a"]}}]	17	1
465	2024-11-21 15:27:39.198148+01	2	Пила	2	[{"changed": {"fields": ["\\u041d\\u0430\\u0438\\u043c\\u0435\\u043d\\u043e\\u0432\\u0430\\u043d\\u0438\\u0435"]}}]	17	1
466	2024-11-21 15:28:25.183289+01	73	LED	2	[{"changed": {"fields": ["\\u041a\\u0430\\u0442\\u0435\\u0433\\u043e\\u0440\\u0438\\u044f/\\u043f\\u0440\\u0438\\u0437\\u043d\\u0430\\u043a"]}}]	6	1
467	2024-11-21 16:28:27.501654+01	5	Заявка 5 на Пила	1	[{"added": {}}]	15	1
468	2024-11-21 16:44:33.813767+01	5	Заявка 5 на Пила	3		15	1
469	2024-11-21 18:30:47.389841+01	6	Заявка 6 на Штапик 10х10	1	[{"added": {}}]	15	1
470	2024-11-21 18:31:36.472811+01	7	Заявка 7 на Опилки	1	[{"added": {}}]	15	1
471	2024-11-21 18:31:48.524797+01	5	Заказ по заявке №7	1	[{"added": {}}]	14	1
472	2024-11-21 19:55:27.279815+01	8	Заявка 8 на Штапик 10х10	1	[{"added": {}}]	15	1
473	2024-11-21 23:05:21.887852+01	85	-	3		11	1
474	2024-11-21 23:06:05.425975+01	101	22323	3		11	1
475	2024-11-21 23:06:05.425975+01	96	HHHHHHH	3		11	1
476	2024-11-21 23:06:05.425975+01	103	iuyiuiu	3		11	1
477	2024-11-21 23:06:05.425975+01	95	jhsdjhsdhj	3		11	1
478	2024-11-21 23:06:05.425975+01	100	KKK	3		11	1
479	2024-11-21 23:06:05.425975+01	16	OOO	3		11	1
480	2024-11-21 23:06:05.425975+01	102	WWWW	3		11	1
481	2024-11-21 23:06:05.425975+01	104	XXX	3		11	1
482	2024-11-21 23:06:05.425975+01	99	ЛЛЛ	3		11	1
483	2024-11-21 23:06:05.425975+01	98	ылофрыфло	3		11	1
484	2024-11-21 23:06:05.425975+01	105	-	3		11	1
485	2024-11-25 18:30:44.711498+01	94	gggg	1	[{"added": {}}]	6	1
486	2024-11-25 18:46:03.290015+01	95	ddddd	1	[{"added": {}}]	6	1
487	2024-11-26 23:13:12.323533+01	97	FFFF	3		11	1
488	2024-11-26 23:13:31.10539+01	106	-	3		11	1
489	2024-11-27 00:52:19.799636+01	98	232323	3		6	1
490	2024-11-27 00:52:19.799636+01	96	3333	3		6	1
491	2024-11-27 00:52:19.799636+01	95	ddddd	3		6	1
492	2024-11-27 00:52:19.799636+01	94	gggg	3		6	1
493	2024-11-27 00:52:40.630849+01	99	666	1	[{"added": {}}]	6	1
494	2024-11-27 02:25:29.860133+01	100	sddsdssd	1	[{"added": {}}]	6	1
495	2024-11-27 12:56:32.459706+01	101	dsdsdsdds	1	[{"added": {}}]	6	1
496	2024-11-27 12:57:05.863904+01	102	eeew	1	[{"added": {}}]	6	1
497	2024-11-27 13:06:59.751787+01	103	rrrrr	1	[{"added": {}}]	6	1
498	2024-11-27 14:53:38.53184+01	104	ыфыыф	1	[{"added": {}}]	6	1
499	2024-11-27 14:54:35.217352+01	105	dsdssd	1	[{"added": {}}]	6	1
500	2024-11-27 14:55:52.676951+01	106	fddffd	1	[{"added": {}}]	6	1
501	2024-11-27 14:56:48.13853+01	107	sdds	1	[{"added": {}}]	6	1
502	2024-11-27 14:57:12.923487+01	108	sdsdds	1	[{"added": {}}]	6	1
503	2024-11-27 14:57:50.443261+01	109	ewewre	1	[{"added": {}}]	6	1
504	2024-11-27 14:58:20.825212+01	110	uuuu	1	[{"added": {}}]	6	1
505	2024-11-27 14:59:15.391328+01	111	qqqqqqqqq	1	[{"added": {}}]	6	1
506	2024-11-27 15:02:07.498474+01	112	ewwewrertrt	1	[{"added": {}}]	6	1
507	2024-11-27 15:30:55.659523+01	113	111111	1	[{"added": {}}]	6	1
508	2024-11-27 15:32:13.422451+01	113	111111	3		6	1
509	2024-11-27 15:32:13.422451+01	114	2222	3		6	1
510	2024-11-27 15:32:13.422451+01	99	666	3		6	1
511	2024-11-27 15:32:13.422451+01	101	dsdsdsdds	3		6	1
512	2024-11-27 15:32:13.422451+01	105	dsdssd	3		6	1
513	2024-11-27 15:32:13.422451+01	102	eeew	3		6	1
514	2024-11-27 15:32:13.422451+01	109	ewewre	3		6	1
515	2024-11-27 15:32:13.422451+01	112	ewwewrertrt	3		6	1
516	2024-11-27 15:32:13.422451+01	106	fddffd	3		6	1
517	2024-11-27 15:32:25.266479+01	111	qqqqqqqqq	3		6	1
518	2024-11-27 15:33:34.503319+01	103	rrrrr	3		6	1
519	2024-11-27 15:33:34.503319+01	107	sdds	3		6	1
520	2024-11-27 15:33:34.503319+01	100	sddsdssd	3		6	1
521	2024-11-27 15:33:34.503319+01	108	sdsdds	3		6	1
522	2024-11-27 15:33:34.503319+01	110	uuuu	3		6	1
523	2024-11-27 15:50:05.463891+01	115	2323	1	[{"added": {}}]	6	1
524	2024-11-27 17:33:36.482223+01	116	ННН, ПППВ	1	[{"added": {}}]	6	1
525	2024-11-27 17:42:06.798398+01	117	JJJJ, MMMM	1	[{"added": {}}]	6	1
526	2024-11-28 10:53:31.348374+01	118	вап, пва	1	[{"added": {}}]	6	1
527	2024-11-28 10:54:46.504326+01	115	2323	3		6	1
528	2024-11-28 10:54:46.504326+01	117	JJJJ, MMMM	3		6	1
529	2024-11-28 10:54:46.504326+01	118	вап, пва	3		6	1
530	2024-11-28 10:54:46.504326+01	104	ыфыыф	3		6	1
531	2024-11-28 10:54:46.504326+01	97	-	3		6	1
532	2024-11-28 11:20:05.907979+01	46	Новый	1	[{"added": {}}]	7	1
533	2024-11-28 11:20:12.799434+01	46	Новый	3		7	1
534	2024-11-28 11:23:04.332119+01	1	Все инструменты	2	[]	11	1
535	2024-11-28 11:38:34.583399+01	119	уцудолуцодл	3		6	1
536	2024-11-28 11:53:16.058362+01	122	yyy	3		6	1
537	2024-11-28 11:53:16.058362+01	120	-	3		6	1
538	2024-11-28 11:53:16.058362+01	116	ННН, ПППВ	3		6	1
539	2024-11-28 21:50:31.942356+01	3	Управление складом и закупками | заявку на закуп - Администраторы, Менеджеры, Инженеры	1	[{"added": {}}]	13	1
540	2024-11-28 21:50:52.920644+01	4	Управление складом и закупками | запись о перемещении товара - Администраторы, Склад	1	[{"added": {}}]	13	1
638	2024-12-12 19:14:09.455845+01	279	контрагент-2	3		11	1
541	2024-11-28 21:51:32.183655+01	1	Управление складом и закупками | заказ по заявке - Администраторы, Инженеры	2	[{"changed": {"fields": ["\\u0413\\u0440\\u0443\\u043f\\u043f\\u044b \\u0440\\u0435\\u0434\\u0430\\u043a\\u0442\\u043e\\u0440\\u043e\\u0432"]}}]	13	1
542	2024-11-28 23:18:53.413391+01	110	ANDREI KOVALENKO	1	Поставщик был добавлен	11	1
543	2024-11-28 23:19:06.320195+01	110	ANDREI KOVALENKO	3		11	1
544	2024-11-28 23:20:42.326506+01	111	ANDREI KOVALENKO	3		11	1
545	2024-11-28 23:29:14.011825+01	123	Инструменты	1	[{"added": {}}]	6	1
546	2024-11-29 05:45:32.573258+01	40	weewew	3		17	1
547	2024-11-29 05:45:32.573258+01	39	eeeeew	3		17	1
548	2024-11-29 05:45:32.573258+01	38	ЦЦЦЦ	3		17	1
549	2024-11-29 17:39:34.782197+01	131	уцуцуц	3		11	1
550	2024-11-29 17:39:34.782197+01	130	ммммммммм	3		11	1
551	2024-11-29 17:39:34.782197+01	129	ууууу	3		11	1
552	2024-11-29 17:39:34.782197+01	128	рвылоровлы	3		11	1
553	2024-11-29 17:39:34.782197+01	127	-	3		11	1
554	2024-11-29 17:39:34.782197+01	126	Карабас	3		11	1
555	2024-11-29 17:39:34.782197+01	125	уу	3		11	1
556	2024-11-29 17:39:34.782197+01	124	kljl	3		11	1
557	2024-11-29 17:39:34.782197+01	123	Др-др-др	3		11	1
558	2024-11-29 17:39:34.782197+01	122	ewweweew	3		11	1
559	2024-11-29 17:39:34.782197+01	121	rrrrrr	3		11	1
560	2024-11-29 17:39:34.782197+01	120	ГГГ	3		11	1
561	2024-11-29 17:39:34.782197+01	118	picer	3		11	1
562	2024-11-29 17:39:34.782197+01	113	ХХХХХ	3		11	1
563	2024-11-29 17:39:34.782197+01	109	New W	3		11	1
564	2024-11-29 17:39:34.782197+01	108	new E	3		11	1
565	2024-11-29 17:39:34.782197+01	94	Куку	3		11	1
566	2024-12-02 23:27:51.390805+01	139	-	1	[{"added": {}}]	11	1
567	2024-12-02 23:28:08.516401+01	139	-	3		11	1
568	2024-12-02 23:32:57.681579+01	140	-	1	[{"added": {}}]	11	1
569	2024-12-03 00:04:41.37403+01	142	llllll0	3		11	1
570	2024-12-03 00:04:41.37403+01	141	lllll	3		11	1
571	2024-12-03 00:04:41.37403+01	140	-	3		11	1
572	2024-12-03 00:04:41.37403+01	138	ккккккккккй	3		11	1
573	2024-12-03 00:04:41.37403+01	137	уцуцуц	3		11	1
574	2024-12-03 00:04:41.37403+01	136	НННЦ	3		11	1
575	2024-12-03 00:04:41.37403+01	135	Карусель-2	3		11	1
576	2024-12-03 00:04:41.37403+01	133	ffff	3		11	1
577	2024-12-03 00:04:41.37403+01	132	weweew	3		11	1
578	2024-12-03 00:24:52.124106+01	43	-	3		17	1
579	2024-12-06 16:21:42.666796+01	3	Ольга Осадченко	2	[{"changed": {"fields": ["\\u041e\\u0442\\u0434\\u0435\\u043b/\\u0426\\u0435\\u0445"]}}]	12	1
580	2024-12-06 16:22:48.545928+01	3	Ольга Осадченко	2	[{"changed": {"fields": ["\\u041e\\u0442\\u0434\\u0435\\u043b/\\u0426\\u0435\\u0445"]}}]	12	1
581	2024-12-09 21:54:22.765452+01	198	4	3		11	1
582	2024-12-09 21:54:22.765452+01	197	3	3		11	1
583	2024-12-09 21:54:22.765452+01	196	2	3		11	1
584	2024-12-09 21:54:22.765452+01	195	1	3		11	1
585	2024-12-09 21:54:22.765452+01	194	4	3		11	1
586	2024-12-09 21:54:22.765452+01	193	3	3		11	1
587	2024-12-09 21:54:22.765452+01	192	2	3		11	1
588	2024-12-09 21:54:22.765452+01	191	1	3		11	1
589	2024-12-09 21:54:22.765452+01	190	4	3		11	1
590	2024-12-09 21:54:22.766452+01	189	3	3		11	1
591	2024-12-09 21:54:22.766452+01	188	2	3		11	1
592	2024-12-09 21:54:22.766452+01	187	1	3		11	1
593	2024-12-09 21:54:22.766452+01	186	4	3		11	1
594	2024-12-09 21:54:22.766452+01	185	3	3		11	1
595	2024-12-09 21:54:22.766452+01	184	2	3		11	1
596	2024-12-09 21:54:22.766452+01	183	1	3		11	1
597	2024-12-09 21:54:22.766452+01	182	4	3		11	1
598	2024-12-09 21:54:22.766452+01	181	3	3		11	1
599	2024-12-09 21:54:22.766452+01	180	2	3		11	1
600	2024-12-09 21:54:22.766452+01	179	1	3		11	1
601	2024-12-09 21:54:22.766452+01	178	4	3		11	1
602	2024-12-09 21:54:22.766452+01	177	3	3		11	1
603	2024-12-09 21:54:22.766452+01	176	2	3		11	1
604	2024-12-09 21:54:22.766452+01	175	1	3		11	1
605	2024-12-09 22:17:06.587266+01	57	ht5454	3		17	1
606	2024-12-09 22:17:06.587266+01	56	y4tryr	3		17	1
607	2024-12-09 22:17:06.587266+01	55	fgfjfhm	3		17	1
608	2024-12-09 22:17:06.587266+01	54	dsjlkldsk	3		17	1
609	2024-12-09 22:17:22.462447+01	53	666	3		17	1
610	2024-12-09 22:17:22.463447+01	52	vafga	3		17	1
611	2024-12-09 22:17:22.463447+01	51	gaga	3		17	1
612	2024-12-09 22:17:22.463447+01	50	EE	3		17	1
613	2024-12-09 22:17:22.463447+01	49	рока	3		17	1
614	2024-12-09 22:17:22.463447+01	48	кора	3		17	1
615	2024-12-10 12:34:07.995557+01	65	продукт-5	3		17	1
616	2024-12-10 12:34:07.995557+01	64	продукт-4	3		17	1
617	2024-12-10 12:34:07.995557+01	63	продукт-3	3		17	1
618	2024-12-10 12:34:07.995557+01	62	продукт-2	3		17	1
619	2024-12-11 15:08:50.746509+01	7	а-33	1	[{"added": {}}]	10	1
620	2024-12-12 14:56:39.061208+01	2	Музей транспорта	3		18	1
621	2024-12-12 18:47:00.754108+01	5	Музей транспорта	3		18	1
622	2024-12-12 18:47:00.754108+01	4	Музей транспорта	3		18	1
623	2024-12-12 18:47:00.754108+01	3	Музей транспорта	3		18	1
624	2024-12-12 18:47:00.754108+01	1	Музей транспорта	3		18	1
625	2024-12-12 19:14:09.455845+01	292	контрагент-2	3		11	1
626	2024-12-12 19:14:09.455845+01	291	контрагент-2	3		11	1
627	2024-12-12 19:14:09.455845+01	290	контрагент-1	3		11	1
628	2024-12-12 19:14:09.455845+01	289	контрагент-2	3		11	1
629	2024-12-12 19:14:09.455845+01	288	контрагент-1	3		11	1
630	2024-12-12 19:14:09.455845+01	287	контрагент-2	3		11	1
631	2024-12-12 19:14:09.455845+01	286	контрагент-1	3		11	1
632	2024-12-12 19:14:09.455845+01	285	контрагент-2	3		11	1
633	2024-12-12 19:14:09.455845+01	284	контрагент-1	3		11	1
634	2024-12-12 19:14:09.455845+01	283	контрагент-2	3		11	1
635	2024-12-12 19:14:09.455845+01	282	контрагент-1	3		11	1
636	2024-12-12 19:14:09.455845+01	281	контрагент-2	3		11	1
637	2024-12-12 19:14:09.455845+01	280	контрагент-1	3		11	1
639	2024-12-12 19:14:09.455845+01	278	контрагент-1	3		11	1
640	2024-12-12 19:14:09.455845+01	277	контрагент-2	3		11	1
641	2024-12-12 19:14:09.455845+01	276	контрагент-1	3		11	1
642	2024-12-12 19:14:09.455845+01	275	контрагент-2	3		11	1
643	2024-12-12 19:14:09.455845+01	274	контрагент-1	3		11	1
644	2024-12-12 19:14:09.455845+01	273	контрагент-2	3		11	1
645	2024-12-12 19:14:09.455845+01	272	контрагент-1	3		11	1
646	2024-12-12 19:14:09.455845+01	271	контрагент-2	3		11	1
647	2024-12-12 19:14:09.455845+01	270	контрагент-1	3		11	1
648	2024-12-12 19:14:09.455845+01	269	контрагент-2	3		11	1
649	2024-12-12 19:14:09.455845+01	268	контрагент-1	3		11	1
650	2024-12-12 19:14:09.455845+01	267	контрагент-2	3		11	1
651	2024-12-12 19:14:09.455845+01	266	контрагент-1	3		11	1
652	2024-12-12 19:14:09.455845+01	265	контрагент-2	3		11	1
653	2024-12-12 19:14:09.455845+01	264	контрагент-1	3		11	1
654	2024-12-12 19:14:09.455845+01	263	контрагент-2	3		11	1
655	2024-12-12 19:14:09.455845+01	262	контрагент-1	3		11	1
656	2024-12-12 19:14:09.45682+01	261	контрагент-2	3		11	1
657	2024-12-12 19:14:09.45682+01	260	контрагент-1	3		11	1
658	2024-12-12 19:14:09.45682+01	259	контрагент-2	3		11	1
659	2024-12-12 19:14:09.45682+01	258	контрагент-1	3		11	1
660	2024-12-12 19:14:09.45682+01	257	контрагент-2	3		11	1
661	2024-12-12 19:14:09.45682+01	256	контрагент-1	3		11	1
662	2024-12-12 19:14:09.45682+01	255	контрагент-2	3		11	1
663	2024-12-12 19:14:09.45682+01	254	контрагент-1	3		11	1
664	2024-12-12 19:14:09.45682+01	253	контрагент-2	3		11	1
665	2024-12-12 19:14:09.45682+01	252	контрагент-1	3		11	1
666	2024-12-12 19:14:09.45682+01	251	контрагент-5	3		11	1
667	2024-12-12 19:14:09.45682+01	250	контрагент-3	3		11	1
668	2024-12-12 19:14:09.45682+01	249	контрагент-2	3		11	1
669	2024-12-12 19:14:09.45682+01	248	контрагент-1	3		11	1
670	2024-12-12 19:14:09.45682+01	247	контрагент-5	3		11	1
671	2024-12-12 19:14:09.45682+01	246	контрагент-3	3		11	1
672	2024-12-12 19:14:09.45682+01	245	контрагент-2	3		11	1
673	2024-12-12 19:14:09.45682+01	244	контрагент-1	3		11	1
674	2024-12-12 19:14:09.45682+01	243	контрагент-5	3		11	1
675	2024-12-12 19:14:09.45682+01	242	контрагент-3	3		11	1
676	2024-12-12 19:14:09.45682+01	241	контрагент-2	3		11	1
677	2024-12-12 19:14:09.45682+01	240	контрагент-1	3		11	1
678	2024-12-12 19:14:09.45682+01	239	контрагент-5	3		11	1
679	2024-12-12 19:14:09.45682+01	238	контрагент-3	3		11	1
680	2024-12-12 19:14:09.45682+01	237	контрагент-2	3		11	1
681	2024-12-12 19:14:09.45682+01	236	контрагент-1	3		11	1
682	2024-12-12 19:14:09.45682+01	235	контрагент-5	3		11	1
683	2024-12-12 19:14:09.45682+01	234	контрагент-3	3		11	1
684	2024-12-12 19:14:09.45682+01	233	контрагент-2	3		11	1
685	2024-12-12 19:14:09.45682+01	232	контрагент-1	3		11	1
686	2024-12-12 19:14:09.45682+01	231	контрагент-5	3		11	1
687	2024-12-12 19:14:09.45682+01	230	контрагент-3	3		11	1
688	2024-12-12 19:14:09.45682+01	229	контрагент-2	3		11	1
689	2024-12-12 19:14:09.45682+01	228	контрагент-1	3		11	1
690	2024-12-12 19:14:09.45682+01	227	контрагент-3	3		11	1
691	2024-12-12 19:14:09.45682+01	226	контрагент-3	3		11	1
692	2024-12-12 19:14:09.45682+01	225	вывы	3		11	1
693	2024-12-12 19:14:09.45682+01	224	вывы	3		11	1
694	2024-12-12 19:14:09.45682+01	223	weew	3		11	1
695	2024-12-12 19:14:09.45682+01	222	weew	3		11	1
696	2024-12-12 19:14:09.45682+01	221	вуцауку	3		11	1
697	2024-12-12 19:14:09.45682+01	220	вуцауку	3		11	1
698	2024-12-12 19:14:09.45682+01	219	вуцауку	3		11	1
699	2024-12-12 19:14:09.45682+01	218	вуцауку	3		11	1
700	2024-12-12 19:14:09.45682+01	217	ccc	3		11	1
701	2024-12-12 19:14:09.45682+01	216	ccc	3		11	1
702	2024-12-12 19:14:09.458827+01	215	ccc	3		11	1
703	2024-12-12 19:14:09.458827+01	214	ccc	3		11	1
704	2024-12-12 19:14:09.458827+01	213	ccc	3		11	1
705	2024-12-12 19:14:09.458827+01	212	ccc	3		11	1
706	2024-12-12 19:14:09.458827+01	211	ccc	3		11	1
707	2024-12-12 19:14:09.458827+01	210	ewew	3		11	1
708	2024-12-12 19:14:09.458827+01	209	ewew	3		11	1
709	2024-12-12 19:14:09.458827+01	208	ewew	3		11	1
710	2024-12-12 19:14:09.458827+01	207	ewew	3		11	1
711	2024-12-12 19:14:09.458827+01	206	ewew	3		11	1
712	2024-12-12 19:14:09.458827+01	205	контрагент-5	3		11	1
713	2024-12-12 19:14:09.458827+01	204	контрагент-4	3		11	1
714	2024-12-12 19:14:09.458827+01	203	контрагент-3	3		11	1
715	2024-12-12 19:14:09.458827+01	202	контрагент-2	3		11	1
716	2024-12-12 19:14:09.458827+01	201	345	3		11	1
717	2024-12-12 19:14:09.458827+01	200	контрагент-5	3		11	1
718	2024-12-12 19:14:09.458827+01	199	контрагент-4	3		11	1
719	2024-12-12 19:14:09.458827+01	174	UYU7	3		11	1
720	2024-12-12 19:14:09.458827+01	173	ewr	3		11	1
721	2024-12-12 19:14:09.458827+01	172	bag3	3		11	1
722	2024-12-12 19:14:09.458827+01	171	AAA45	3		11	1
723	2024-12-12 19:14:09.458827+01	170	E2	3		11	1
724	2024-12-12 19:14:09.458827+01	169	KOLINSUB	3		11	1
725	2024-12-12 19:14:50.2714+01	168	www5556	3		11	1
726	2024-12-12 19:14:50.2714+01	167	AAA4	3		11	1
727	2024-12-12 19:14:50.2714+01	166	www555	3		11	1
728	2024-12-12 19:14:50.2714+01	165	www3	3		11	1
729	2024-12-12 19:14:50.2714+01	164	-	3		11	1
730	2024-12-12 19:14:50.2714+01	163	Все метизы 23	3		11	1
731	2024-12-12 19:14:50.2714+01	162	Unknownn Artists	3		11	1
732	2024-12-12 19:14:50.2714+01	161	ракака	3		11	1
733	2024-12-12 19:14:50.2714+01	160	кару	3		11	1
734	2024-12-12 19:14:50.2714+01	159	www2	3		11	1
735	2024-12-12 19:14:50.2714+01	158	AAA	3		11	1
736	2024-12-12 19:14:50.2714+01	156	BVB	3		11	1
737	2024-12-12 19:14:50.2714+01	154	fdgfgf12112	3		11	1
738	2024-12-12 19:14:50.2714+01	153	выкуски	3		11	1
739	2024-12-12 19:14:50.2714+01	152	XX	3		11	1
740	2024-12-12 19:14:50.2714+01	151	OIO	3		11	1
741	2024-12-12 19:14:50.2714+01	150	РОРО	3		11	1
742	2024-12-12 19:14:50.2714+01	149	KKK	3		11	1
743	2024-12-12 19:14:50.2714+01	148	fsfsdsd	3		11	1
744	2024-12-12 19:14:50.2714+01	147	wegd5t45	3		11	1
745	2024-12-12 19:14:50.2714+01	146	www4	3		11	1
746	2024-12-12 19:14:50.2714+01	145	fdfd	3		11	1
747	2024-12-12 19:14:50.2714+01	144	sddsds	3		11	1
748	2024-12-12 19:14:50.2714+01	143	eer	3		11	1
749	2024-12-16 14:17:26.160371+01	1	PivotTable object (1)	1	[{"added": {}}]	16	1
750	2024-12-16 14:26:19.192192+01	2	Давид Вебб	2	[]	12	1
751	2024-12-16 14:26:24.233035+01	3	Ольга Осадченко	2	[]	12	1
752	2024-12-16 15:12:26.980221+01	6	ПДО	1	[{"added": {}}]	3	1
753	2024-12-16 15:15:02.055578+01	3	Ольга Осадченко	2	[{"changed": {"fields": ["\\u0413\\u0440\\u0443\\u043f\\u043f\\u044b", "User permissions"]}}]	12	1
754	2024-12-16 15:15:36.869271+01	3	Ольга Осадченко	2	[{"changed": {"fields": ["User permissions"]}}]	12	1
755	2024-12-16 15:15:47.460205+01	3	Ольга Осадченко	2	[{"changed": {"fields": ["\\u0413\\u0440\\u0443\\u043f\\u043f\\u044b"]}}]	12	1
\.


--
-- Data for Name: django_content_type; Type: TABLE DATA; Schema: public; Owner: postgres
--

COPY public.django_content_type (id, app_label, model) FROM stdin;
1	admin	logentry
2	auth	permission
3	auth	group
4	contenttypes	contenttype
5	sessions	session
6	storage	categories
7	storage	departments
8	storage	modelcolors
9	storage	productmovies
10	storage	storagecells
11	storage	suppliers
12	storage	customuser
13	storage	modelaccesscontrol
14	storage	orders
15	storage	productrequest
16	storage	pivottable
17	storage	products
18	storage	projects
\.


--
-- Data for Name: django_migrations; Type: TABLE DATA; Schema: public; Owner: postgres
--

COPY public.django_migrations (id, app, name, applied) FROM stdin;
1	contenttypes	0001_initial	2024-11-07 03:21:36.974608+01
2	contenttypes	0002_remove_content_type_name	2024-11-07 03:21:36.983998+01
3	auth	0001_initial	2024-11-07 03:21:37.025438+01
4	auth	0002_alter_permission_name_max_length	2024-11-07 03:21:37.029436+01
5	auth	0003_alter_user_email_max_length	2024-11-07 03:21:37.035433+01
6	auth	0004_alter_user_username_opts	2024-11-07 03:21:37.04043+01
7	auth	0005_alter_user_last_login_null	2024-11-07 03:21:37.044428+01
8	auth	0006_require_contenttypes_0002	2024-11-07 03:21:37.046427+01
9	auth	0007_alter_validators_add_error_messages	2024-11-07 03:21:37.051243+01
10	auth	0008_alter_user_username_max_length	2024-11-07 03:21:37.055776+01
11	auth	0009_alter_user_last_name_max_length	2024-11-07 03:21:37.060464+01
12	auth	0010_alter_group_name_max_length	2024-11-07 03:21:37.067899+01
13	auth	0011_update_proxy_permissions	2024-11-07 03:21:37.072899+01
14	auth	0012_alter_user_first_name_max_length	2024-11-07 03:21:37.077893+01
19	sessions	0001_initial	2024-11-07 03:21:37.482151+01
20	storage	0002_alter_modelcolors_options_alter_modelcolors_color_and_more	2024-11-07 04:07:11.796009+01
21	storage	0003_alter_suppliers_options	2024-11-07 17:38:36.699968+01
22	storage	0001_initial	2024-11-11 14:45:44.958741+01
23	admin	0001_initial	2024-11-11 14:46:40.114459+01
24	admin	0002_logentry_remove_auto_add	2024-11-11 14:46:40.128451+01
25	admin	0003_logentry_add_action_flag_choices	2024-11-11 14:46:40.141444+01
26	storage	0002_alter_departments_department	2024-11-11 18:26:46.140656+01
27	storage	0003_alter_categories_options_alter_customuser_options_and_more	2024-11-11 19:30:54.889052+01
28	storage	0004_alter_departments_options_alter_modelcolors_options_and_more	2024-11-11 20:09:12.648621+01
29	storage	0005_remove_productmovies_reason_id_and_more	2024-11-12 04:14:44.463678+01
30	storage	0006_remove_productmovies_reason_content_type_and_more	2024-11-12 05:06:33.381246+01
31	storage	0007_alter_categories_options_remove_products_category_and_more	2024-11-12 16:32:10.668885+01
32	storage	0008_rename_department_departments_name_and_more	2024-11-12 17:33:13.692554+01
33	storage	0009_rename_cell_address_storagecells_name	2024-11-14 11:21:11.438944+01
34	storage	0010_alter_orders_manager_alter_orders_product_request_and_more	2024-11-19 09:01:07.817802+01
35	storage	0011_customuser_department_old_and_more	2024-11-19 09:38:21.263091+01
36	storage	0012_rename__old_productrequest_project_old	2024-11-19 12:46:56.503242+01
37	storage	0002_alter_customuser_groups_alter_orders_manager_and_more	2024-11-24 22:25:19.804607+01
38	storage	0003_remove_products_quantity_in_package	2024-11-29 02:28:16.074639+01
39	storage	0004_alter_products_packaging_unit	2024-11-29 05:42:04.574273+01
40	storage	0005_alter_products_options_alter_projects_name	2024-12-02 23:03:40.399534+01
41	storage	0006_alter_products_name_alter_projects_name_and_more	2024-12-03 00:18:26.553896+01
42	storage	0007_alter_products_name_alter_products_supplier	2024-12-03 13:35:14.326844+01
43	storage	0008_rename_reason_id_productmovies_reason	2024-12-03 19:56:19.629371+01
44	storage	0009_orders_order_accepted_and_more	2024-12-16 17:51:40.450018+01
\.


--
-- Data for Name: django_session; Type: TABLE DATA; Schema: public; Owner: postgres
--

COPY public.django_session (session_key, session_data, expire_date) FROM stdin;
hzpzw5dzbyf4sydro520tvckzbtiq4vs	.eJxVTs1uhCAQfhfOhoiriB577xs0IeMAOi2iFTg0G9-9uLuH9vLN5PubuTMNOS06R3toMmxkglV_uQnwy4ZLMJ8Q5o3jFtJBE78s_KVG_r4Z699e3n8FC8SlpME5ENIOHUrETgnsoVGdU7LucWqxIN6c7NBJqE0x9kPjbmoyoszWuqGUUqBE4LWBBGy8M0fWm3htMe-7J3uwUVRsL1_ATGHWuQTK6Y9ct616YMNLz3eGkCj9aAr6abbP4LGZjEnT-mBC9v6s2Nqs5cR5nr9LuGSJ:1tCxpt:lGJVXLq3yfs1TJBlEJzHqza80mgNpY2fBOgTVSRdLtg	2024-12-02 10:14:21.85946+01
35vbr8eroqsxvr607katxcqvz3bghzoy	.eJxVjM0OgyAQhN-Fc0NE5a_H3n0GsixssW0gET01fXcx8WAvM8nMN_NlDrY1ua3Gxc2B3Zlgt2vmAd8xH0V4QX4WjiWvy-z5gfCzrXwqIX4eJ_t3kKCmtgYiECpaiQpRGoEaeiPJqE6jH7EpDqQkkoIuNFDbngbjg2g-RrLstwMEkzin:1tDeuL:OpxKPrYy2gb_jNJE4dzIeLI1XzVpqn8goTqrTfYsCQE	2024-12-04 08:13:49.786653+01
039295550ri59iwqyqzuggii0r8f1z6z	.eJxVjM0OgyAQhN-Fc0NE5a_H3n0GsixssW0gET01fXcx8WAvM8nMN_NlDrY1ua3Gxc2B3Zlgt2vmAd8xH0V4QX4WjiWvy-z5gfCzrXwqIX4eJ_t3kKCmtgYiECpaiQpRGoEaeiPJqE6jH7EpDqQkkoIuNFDbngbjg2g-RrLstwMEkzin:1tDzGN:4MSQg4E6-811UiN2Zijb43oJgLFtRYxEzQVe3lP8_oo	2024-12-05 05:57:55.501103+01
ax1g2hlgw8ttfzi0roysg2lq2fb347ug	.eJxVjM0OgyAQhN-Fc0NE5a_H3n0GsixssW0gET01fXcx8WAvM8nMN_NlDrY1ua3Gxc2B3Zlgt2vmAd8xH0V4QX4WjiWvy-z5gfCzrXwqIX4eJ_t3kKCmtgYiECpaiQpRGoEaeiPJqE6jH7EpDqQkkoIuNFDbngbjg2g-RrLstwMEkzin:1tE0TP:5Gn_hoszjRgEo95V4-SsABSWIBRKrGLkOWTMdbIqtu4	2024-12-05 07:15:27.388056+01
ckdeg0se5uj2vcnlnzm7173ri4i2841d	.eJxVjM0OgyAQhN-Fc0NE5a_H3n0GsixssW0gET01fXcx8WAvM8nMN_NlDrY1ua3Gxc2B3Zlgt2vmAd8xH0V4QX4WjiWvy-z5gfCzrXwqIX4eJ_t3kKCmtgYiECpaiQpRGoEaeiPJqE6jH7EpDqQkkoIuNFDbngbjg2g-RrLstwMEkzin:1tCtax:fD_kfvItzMKP3y0L9Y0KMg_r7EaEkkJxl6epO_C5qvY	2024-12-02 05:42:39.474593+01
0lbcw375xbjzc55l5f45adzko3zgatar	.eJxVjM0OgyAQhN-Fc0NE5a_H3n0GsixssW0gET01fXcx8WAvM8nMN_NlDrY1ua3Gxc2B3Zlgt2vmAd8xH0V4QX4WjiWvy-z5gfCzrXwqIX4eJ_t3kKCmtgYiECpaiQpRGoEaeiPJqE6jH7EpDqQkkoIuNFDbngbjg2g-RrLstwMEkzin:1tNBoL:ll4L6ECAaE1DGKDwBSLVScy4VaGV-uJ7OuePsNRwhNk	2024-12-30 15:11:01.653533+01
h4hvuawrj262zuwva71fswrkgdnlgrg4	.eJxVjM0OgyAQhN-Fc0NE5a_H3n0GsixssW0gET01fXcx8WAvM8nMN_NlDrY1ua3Gxc2B3Zlgt2vmAd8xH0V4QX4WjiWvy-z5gfCzrXwqIX4eJ_t3kKCmtgYiECpaiQpRGoEaeiPJqE6jH7EpDqQkkoIuNFDbngbjg2g-RrLstwMEkzin:1tCugB:CIWXCctBYFT-gcZuHEtJVbMQvmKDO9umACIUDhlU3-Q	2024-12-02 06:52:07.447391+01
\.


--
-- Data for Name: storage_categories; Type: TABLE DATA; Schema: public; Owner: postgres
--

COPY public.storage_categories (id, name) FROM stdin;
2	Метизы
1	Механический инструмент
3	Электроинструмент
72	Краска
74	Стеклянные шары
75	Металлическое полотно
8	Мультитул
76	Трудный
77	по дереву
78	ПВХ
79	Ограждение
80	Сигнальная
14	Металлопрокат
15	Труба
16	Мебельная фурнитура
81	настольная
18	Фанера
19	Труба металлическая круглая
20	Труба металлическая квадратная
22	Профиль металлический квадратный
25	Дерево
26	Сверла
28	Прут металлический
31	Ткани
33	Рулонные
93	RGB
73	LED
56	Лаки по дереву
62	Прут
63	Пленка самоклеющаяся
64	Стекло
65	Лак
66	Электрический
67	Энергосберегающий
121	Пластик
123	Инструменты
\.


--
-- Data for Name: storage_customuser; Type: TABLE DATA; Schema: public; Owner: postgres
--

COPY public.storage_customuser (id, password, last_login, is_superuser, username, first_name, last_name, email, is_staff, is_active, date_joined, tg, tel, position_name, department_id, department_old) FROM stdin;
2	pbkdf2_sha256$870000$pM8pyYKECvVxBBkh2j7Oow$WFHB1q2lvUpEozHgCi5aC0xBWpnRs1xpQLW+Vm6VP9o=	2024-11-18 06:10:54+01	f	david	Давид	Вебб	webb.david@ymail.com	t	t	2024-11-11 16:41:35+01	\N	\N	Инженер	42	\N
1	pbkdf2_sha256$870000$TuRh5qmajbGd6tuya15IZo$9zVSjpIk6wNl5kDEWcVlKiZfGsbgmaKhQfITufGx6hU=	2024-12-16 15:11:01.65153+01	t	slon	Андрей	Коваленко	yenotas@gmail.com	t	t	2024-11-11 14:48:04+01	\N	\N	Администратор	3	\N
3	pbkdf2_sha256$870000$BQslsCfGlgyxRsKGoCnWcx$uyujC0nU1Pqj5+j076If9Qe3WlbuFEYbJM+C5MFsTWQ=	2024-12-16 15:05:36+01	f	osad	Ольга	Осадченко	osadchenkoO85@gmail.com	t	t	2024-11-11 19:26:01+01	@osad	9871289219	Менеджер	8	\N
4	pbkdf2_sha256$870000$CfML7rCUpdv5aaoaPVo4KD$ra/+ltjxau4oXw7ctUcIRzIzwC4BnJ8TI1ox+FINBJY=	\N	t	bars	Дмитрий	Барсуков	yenotas@gmail.com	t	t	2024-11-18 04:59:41+01	\N	\N	Генерал	3	\N
\.


--
-- Data for Name: storage_customuser_groups; Type: TABLE DATA; Schema: public; Owner: postgres
--

COPY public.storage_customuser_groups (id, customuser_id, group_id) FROM stdin;
1	1	1
4	4	1
5	2	2
8	2	3
9	3	4
10	3	5
\.


--
-- Data for Name: storage_customuser_user_permissions; Type: TABLE DATA; Schema: public; Owner: postgres
--

COPY public.storage_customuser_user_permissions (id, customuser_id, permission_id) FROM stdin;
\.


--
-- Data for Name: storage_departments; Type: TABLE DATA; Schema: public; Owner: postgres
--

COPY public.storage_departments (id, name) FROM stdin;
3	Администрация
6	Склад
8	Офис
9	Монтажный
11	Сварной
12	Столярный
15	Сборочный
18	Снабжение
27	Макетный
14	Малярный
28	ЧПУ
29	АХО
31	Художественный
13	Закупки
30	IT
42	Инженерный
45	РОРОР
\.


--
-- Data for Name: storage_modelaccesscontrol; Type: TABLE DATA; Schema: public; Owner: postgres
--

COPY public.storage_modelaccesscontrol (id, fields_to_disable, model_name_id, model_name_old) FROM stdin;
2	"[\\"is_superuser\\", \\"is_staff\\", \\"is_active\\", \\"date_joined\\", \\"department\\"]"	12	\N
3	"[\\"request_date\\", \\"project\\", \\"product\\", \\"request_about\\", \\"request_quantity\\", \\"responsible\\", \\"delivery_location\\", \\"delivery_address\\", \\"deadline_delivery_date\\"]"	15	\N
1	"[\\"order_date\\", \\"product_request\\", \\"manager\\", \\"accounted_in_1c\\", \\"invoice_number\\", \\"documents\\", \\"document_flow\\", \\"waiting_date\\"]"	14	\N
4	"[\\"product\\", \\"process_type\\", \\"return_to_supplier_reason\\", \\"new_cell\\", \\"movie_quantity\\", \\"reason\\"]"	9	\N
\.


--
-- Data for Name: storage_modelaccesscontrol_groups; Type: TABLE DATA; Schema: public; Owner: postgres
--

COPY public.storage_modelaccesscontrol_groups (id, modelaccesscontrol_id, group_id) FROM stdin;
1	1	1
3	2	1
4	2	5
5	3	1
6	3	3
7	3	4
8	4	1
9	4	2
10	1	3
\.


--
-- Data for Name: storage_modelcolors; Type: TABLE DATA; Schema: public; Owner: postgres
--

COPY public.storage_modelcolors (id, name, color) FROM stdin;
\.


--
-- Data for Name: storage_orders; Type: TABLE DATA; Schema: public; Owner: postgres
--

COPY public.storage_orders (id, order_date, accounted_in_1c, invoice_number, delivery_status, documents, document_flow, waiting_date, manager_id, product_request_id, manager_old, product_request_old, order_accepted) FROM stdin;
5	2024-11-21	\N	\N	Ожидаем	Нет	('Нет', 'Нет')	\N	1	7	\N	\N	f
6	2024-12-16	t	7765767	Ожидаем	Нет	Нет	2024-11-07	\N	\N	\N	\N	f
\.


--
-- Data for Name: storage_pivottable; Type: TABLE DATA; Schema: public; Owner: postgres
--

COPY public.storage_pivottable (id, request_about, invoice_number, waiting_date, delivery_status, document_flow, documents, accounted_in_1c, request_quantity, project_code, detail_name, detail_code, delivery_location, deadline_delivery_date, request_date, sku, product_image, supplier, product_link, packaging_unit, has_on_storage, has_on_storage_near, supply_date, supply_quantity, not_delivered_pcs, storage_cell, order_id, responsible_id, product_movie_id, product_request_id, product_name_id) FROM stdin;
1	iuyqwyiuqwiyu	7765767	2024-11-07	Ожидаем	Нет	Нет	t	3	МТ: М-Т	Магнит 1	АРХ2	склад	2024-11-14	2024-12-12	\N		Все все	http://сверло.ру	шт	3	\N	\N	\N	\N	\N	6	1	\N	\N	\N
\.


--
-- Data for Name: storage_productmovies; Type: TABLE DATA; Schema: public; Owner: postgres
--

COPY public.storage_productmovies (id, record_date, process_type, return_to_supplier_reason, movie_quantity, product_id, new_cell_id, reason, new_cell_old, product_old) FROM stdin;
\.


--
-- Data for Name: storage_productrequest; Type: TABLE DATA; Schema: public; Owner: postgres
--

COPY public.storage_productrequest (id, request_date, request_about, request_quantity, delivery_location, delivery_address, deadline_delivery_date, responsible_id, product_id, project_id, project_old, product_old, responsible_old, request_accepted) FROM stdin;
6	2024-11-21	\N	4	Склад	\N	\N	1	3	\N	Музей транспорта	\N	\N	f
7	2024-11-21	\N	4	Склад	\N	\N	1	5	\N	Музей транспорта	\N	\N	f
8	2024-11-21	\N	1000	Склад	\N	2024-11-29	1	3	\N	Музей транспорта	\N	\N	f
\.


--
-- Data for Name: storage_products; Type: TABLE DATA; Schema: public; Owner: postgres
--

COPY public.storage_products (id, name, product_link, product_sku, packaging_unit, product_image, supplier_id, supplier_old) FROM stdin;
5	Опилки	\N	\N	шт.		\N	\N
8	Подставка	\N	\N	шт.		\N	\N
7	Лента	\N	1221	шт.		\N	\N
67	Дрель	www	-	шт	images/2024/12/16/image.png	293	\N
68	картинка	-	-	шт	images/2024/12/16/image_hRTlhQ4.png	294	\N
69	продукт-5	\N	1238	шт		295	\N
70	ewewewew	\N	\N	шт		296	\N
3	Штапик 10х10	\N	\N	шт.		2	\N
71	Дрель	\N	1235	шт		293	\N
9	Пила	\N	\N	шт.		1	\N
72	продукт-2	www	1235	шт	images/2024/12/16/image_BcnFeGP.png	297	\N
1	сверло	сверло.ру	И-12	шт.		1	\N
73	продукт-3	\N	1236	п.м		298	\N
18	Топор	\N	2323	шт.		1	\N
74	1237	\N	кв.м	шт	images/2024/12/16/image_3kWcvDT.png	299	\N
75	продукт-5	www	1238	л	images/2024/12/16/image_7ix3fWa.png	300	\N
27	Опилки	\N	\N	уп.		1	\N
61	Дрель	www	\N	шт	images/2024/12/10/pasted_image.png	117	\N
76	дрелвыорлвырло	\N	\N	шт		301	\N
26	губцы	\N	332	шт.		\N	WWWW
2	Пила	сверло.ру	121	шт.		\N	XXX
30	Сверлильный станок	\N	333	шт.	images/2024/11/29/no_1.webp	1	\N
31	сверла	сверло.ру	121	шт.		1	\N
32	Доска 200х40х20мм	\N	121	шт.		1	\N
33	Доска 200х60х20мм	деревяшки.ру	11	шт.		115	\N
34	Труба металл 20х20мм	металлург.ру	\N	шт.		116	\N
35	Труба металл 30х30мм	\N	\N	шт.		117	\N
37	Отбойный молоток	\N	3267237	шт.		119	\N
47	AAAA4	\N	\N	шт.		\N	AAA45
58	продукт-4	www	1237	шт		\N	контрагент-4
42	fdggf	rt	www	уп.		5	\N
59	продукт-5	www	1238	шт		\N	контрагент-5
60	картинка	\N	\N	шт	images/2024/12/10/image.png	\N	345
66	продукт-2	www	1235	шт	images/2024/12/12/image.png	\N	контрагент-2
28	Гребень частый	\N	\N	шт.		\N	Куку
29	Станок фрезерный	\N	123	шт.	images/2024/11/28/remove_image_metadata_b65344cffba2655e2b0ccea25000d1fd_6702d0a323c9c_1.png	\N	ХХХХХ
36	pic	\N	\N	шт.		\N	picer
41	Перфоратор	\N	\N	шт.	images/2024/11/29/image.png	\N	Др-др-др
44	Жепа	\N	\N	шт.		\N	www4
45	555	\N	56	шт.		\N	www555
46	HHH	\N	\N	шт.		\N	www555
\.


--
-- Data for Name: storage_products_categories; Type: TABLE DATA; Schema: public; Owner: postgres
--

COPY public.storage_products_categories (id, products_id, categories_id) FROM stdin;
5	3	25
6	1	1
9	1	77
10	2	1
11	2	26
12	2	67
13	2	77
14	7	78
15	7	79
16	7	80
17	8	81
18	9	25
19	9	1
25	18	1
26	18	77
31	26	56
32	26	65
\.


--
-- Data for Name: storage_products_near_products; Type: TABLE DATA; Schema: public; Owner: postgres
--

COPY public.storage_products_near_products (id, from_products_id, to_products_id) FROM stdin;
\.


--
-- Data for Name: storage_projects; Type: TABLE DATA; Schema: public; Owner: postgres
--

COPY public.storage_projects (id, creation_date, name, detail_full_name, project_code, detail_name, detail_code, engineer_id, manager_id, engineer_old, manager_old) FROM stdin;
\.


--
-- Data for Name: storage_storagecells; Type: TABLE DATA; Schema: public; Owner: postgres
--

COPY public.storage_storagecells (id, name, info) FROM stdin;
1	A1	\N
3	AA-1	\N
4	AA-2	\N
5	AA	дрели
2	A2	дрели
6	B-1	kjjkaskjk
7	а-33	\N
\.


--
-- Data for Name: storage_suppliers; Type: TABLE DATA; Schema: public; Owner: postgres
--

COPY public.storage_suppliers (id, name, inn, ogrn, address, contact_person, website, email, phone, tg) FROM stdin;
293	рынок	\N	\N	\N	\N	\N	\N	\N	\N
294	-	\N	\N	\N	\N	\N	\N	\N	\N
3	Сверлим	\N	\N	\N	\N	\N	\N	\N	\N
295	-	\N	\N	\N	\N	\N	\N	\N	\N
5	Пленки	\N	\N	\N	\N	\N	\N	\N	\N
296	weeewew	\N	\N	\N	\N	\N	\N	\N	\N
297	контрагент-2	\N	\N	\N	\N	\N	\N	\N	\N
298	контрагент-3	\N	\N	\N	\N	\N	\N	\N	\N
2	Все метизы	000000001	39872983298	\N	\N	\N	\N	\N	\N
299	www	\N	\N	\N	\N	\N	\N	\N	\N
300	контрагент-5	\N	\N	\N	\N	\N	\N	\N	\N
301	рынок656	выждлдуц	цуцууцк	\N	\N	\N	\N	\N	\N
107	НОВЫЙ	00000000	39872983298	Beograd	ANDREI KOVALENKO	\N	yenotas@gmail.com	\N	@osad
1	Все инструменты	8327982398	39872983298	д 8 кв 6 к 2	ANDREI KOVALENKO	\N	\N	\N	\N
112	ANDREI	000000001	39872983298	Beograd	\N	\N	\N	\N	\N
114	Фонтан	\N	\N	\N	\N	\N	\N	+7238827277	\N
115	Пиломатериалы	8323323298	39872983298	\N	ANDREI KOVALENKO	\N	\N	\N	\N
116	Металлург	000000001	39872983298	\N	\N	\N	\N	\N	\N
117	рынок	\N	\N	\N	\N	\N	\N	\N	\N
119	Отбойники	\N	\N	\N	\N	\N	\N	\N	\N
134	Карусель	\N	\N	\N	\N	\N	\N	\N	\N
155	OPOP	\N	\N	\N	\N	\N	\N	\N	\N
157	XCXC	\N	\N	\N	\N	\N	\N	\N	\N
\.


--
-- Name: auth_group_id_seq; Type: SEQUENCE SET; Schema: public; Owner: postgres
--

SELECT pg_catalog.setval('public.auth_group_id_seq', 6, true);


--
-- Name: auth_group_permissions_id_seq; Type: SEQUENCE SET; Schema: public; Owner: postgres
--

SELECT pg_catalog.setval('public.auth_group_permissions_id_seq', 255, true);


--
-- Name: auth_permission_id_seq; Type: SEQUENCE SET; Schema: public; Owner: postgres
--

SELECT pg_catalog.setval('public.auth_permission_id_seq', 72, true);


--
-- Name: django_admin_log_id_seq; Type: SEQUENCE SET; Schema: public; Owner: postgres
--

SELECT pg_catalog.setval('public.django_admin_log_id_seq', 755, true);


--
-- Name: django_content_type_id_seq; Type: SEQUENCE SET; Schema: public; Owner: postgres
--

SELECT pg_catalog.setval('public.django_content_type_id_seq', 18, true);


--
-- Name: django_migrations_id_seq; Type: SEQUENCE SET; Schema: public; Owner: postgres
--

SELECT pg_catalog.setval('public.django_migrations_id_seq', 44, true);


--
-- Name: storage_categories_id_seq; Type: SEQUENCE SET; Schema: public; Owner: postgres
--

SELECT pg_catalog.setval('public.storage_categories_id_seq', 123, true);


--
-- Name: storage_customuser_groups_id_seq; Type: SEQUENCE SET; Schema: public; Owner: postgres
--

SELECT pg_catalog.setval('public.storage_customuser_groups_id_seq', 10, true);


--
-- Name: storage_customuser_id_seq; Type: SEQUENCE SET; Schema: public; Owner: postgres
--

SELECT pg_catalog.setval('public.storage_customuser_id_seq', 4, true);


--
-- Name: storage_customuser_user_permissions_id_seq; Type: SEQUENCE SET; Schema: public; Owner: postgres
--

SELECT pg_catalog.setval('public.storage_customuser_user_permissions_id_seq', 1, true);


--
-- Name: storage_departments_id_seq; Type: SEQUENCE SET; Schema: public; Owner: postgres
--

SELECT pg_catalog.setval('public.storage_departments_id_seq', 46, true);


--
-- Name: storage_modelaccesscontrol_groups_id_seq; Type: SEQUENCE SET; Schema: public; Owner: postgres
--

SELECT pg_catalog.setval('public.storage_modelaccesscontrol_groups_id_seq', 10, true);


--
-- Name: storage_modelaccesscontrol_id_seq; Type: SEQUENCE SET; Schema: public; Owner: postgres
--

SELECT pg_catalog.setval('public.storage_modelaccesscontrol_id_seq', 4, true);


--
-- Name: storage_modelcolors_id_seq; Type: SEQUENCE SET; Schema: public; Owner: postgres
--

SELECT pg_catalog.setval('public.storage_modelcolors_id_seq', 1, false);


--
-- Name: storage_orders_id_seq; Type: SEQUENCE SET; Schema: public; Owner: postgres
--

SELECT pg_catalog.setval('public.storage_orders_id_seq', 6, true);


--
-- Name: storage_pivottable_id_seq; Type: SEQUENCE SET; Schema: public; Owner: postgres
--

SELECT pg_catalog.setval('public.storage_pivottable_id_seq', 1, true);


--
-- Name: storage_productmovies_id_seq; Type: SEQUENCE SET; Schema: public; Owner: postgres
--

SELECT pg_catalog.setval('public.storage_productmovies_id_seq', 1, true);


--
-- Name: storage_productrequest_id_seq; Type: SEQUENCE SET; Schema: public; Owner: postgres
--

SELECT pg_catalog.setval('public.storage_productrequest_id_seq', 8, true);


--
-- Name: storage_products_categories_id_seq; Type: SEQUENCE SET; Schema: public; Owner: postgres
--

SELECT pg_catalog.setval('public.storage_products_categories_id_seq', 32, true);


--
-- Name: storage_products_id_seq; Type: SEQUENCE SET; Schema: public; Owner: postgres
--

SELECT pg_catalog.setval('public.storage_products_id_seq', 76, true);


--
-- Name: storage_products_near_products_id_seq; Type: SEQUENCE SET; Schema: public; Owner: postgres
--

SELECT pg_catalog.setval('public.storage_products_near_products_id_seq', 1, false);


--
-- Name: storage_projects_id_seq; Type: SEQUENCE SET; Schema: public; Owner: postgres
--

SELECT pg_catalog.setval('public.storage_projects_id_seq', 5, true);


--
-- Name: storage_storagecells_id_seq; Type: SEQUENCE SET; Schema: public; Owner: postgres
--

SELECT pg_catalog.setval('public.storage_storagecells_id_seq', 7, true);


--
-- Name: storage_suppliers_id_seq; Type: SEQUENCE SET; Schema: public; Owner: postgres
--

SELECT pg_catalog.setval('public.storage_suppliers_id_seq', 301, true);


--
-- Name: auth_group auth_group_name_key; Type: CONSTRAINT; Schema: public; Owner: postgres
--

ALTER TABLE ONLY public.auth_group
    ADD CONSTRAINT auth_group_name_key UNIQUE (name);


--
-- Name: auth_group_permissions auth_group_permissions_group_id_permission_id_0cd325b0_uniq; Type: CONSTRAINT; Schema: public; Owner: postgres
--

ALTER TABLE ONLY public.auth_group_permissions
    ADD CONSTRAINT auth_group_permissions_group_id_permission_id_0cd325b0_uniq UNIQUE (group_id, permission_id);


--
-- Name: auth_group_permissions auth_group_permissions_pkey; Type: CONSTRAINT; Schema: public; Owner: postgres
--

ALTER TABLE ONLY public.auth_group_permissions
    ADD CONSTRAINT auth_group_permissions_pkey PRIMARY KEY (id);


--
-- Name: auth_group auth_group_pkey; Type: CONSTRAINT; Schema: public; Owner: postgres
--

ALTER TABLE ONLY public.auth_group
    ADD CONSTRAINT auth_group_pkey PRIMARY KEY (id);


--
-- Name: auth_permission auth_permission_content_type_id_codename_01ab375a_uniq; Type: CONSTRAINT; Schema: public; Owner: postgres
--

ALTER TABLE ONLY public.auth_permission
    ADD CONSTRAINT auth_permission_content_type_id_codename_01ab375a_uniq UNIQUE (content_type_id, codename);


--
-- Name: auth_permission auth_permission_pkey; Type: CONSTRAINT; Schema: public; Owner: postgres
--

ALTER TABLE ONLY public.auth_permission
    ADD CONSTRAINT auth_permission_pkey PRIMARY KEY (id);


--
-- Name: django_admin_log django_admin_log_pkey; Type: CONSTRAINT; Schema: public; Owner: postgres
--

ALTER TABLE ONLY public.django_admin_log
    ADD CONSTRAINT django_admin_log_pkey PRIMARY KEY (id);


--
-- Name: django_content_type django_content_type_app_label_model_76bd3d3b_uniq; Type: CONSTRAINT; Schema: public; Owner: postgres
--

ALTER TABLE ONLY public.django_content_type
    ADD CONSTRAINT django_content_type_app_label_model_76bd3d3b_uniq UNIQUE (app_label, model);


--
-- Name: django_content_type django_content_type_pkey; Type: CONSTRAINT; Schema: public; Owner: postgres
--

ALTER TABLE ONLY public.django_content_type
    ADD CONSTRAINT django_content_type_pkey PRIMARY KEY (id);


--
-- Name: django_migrations django_migrations_pkey; Type: CONSTRAINT; Schema: public; Owner: postgres
--

ALTER TABLE ONLY public.django_migrations
    ADD CONSTRAINT django_migrations_pkey PRIMARY KEY (id);


--
-- Name: django_session django_session_pkey; Type: CONSTRAINT; Schema: public; Owner: postgres
--

ALTER TABLE ONLY public.django_session
    ADD CONSTRAINT django_session_pkey PRIMARY KEY (session_key);


--
-- Name: storage_categories storage_categories_pkey; Type: CONSTRAINT; Schema: public; Owner: postgres
--

ALTER TABLE ONLY public.storage_categories
    ADD CONSTRAINT storage_categories_pkey PRIMARY KEY (id);


--
-- Name: storage_customuser_groups storage_customuser_groups_customuser_id_group_id_838c40f6_uniq; Type: CONSTRAINT; Schema: public; Owner: postgres
--

ALTER TABLE ONLY public.storage_customuser_groups
    ADD CONSTRAINT storage_customuser_groups_customuser_id_group_id_838c40f6_uniq UNIQUE (customuser_id, group_id);


--
-- Name: storage_customuser_groups storage_customuser_groups_pkey; Type: CONSTRAINT; Schema: public; Owner: postgres
--

ALTER TABLE ONLY public.storage_customuser_groups
    ADD CONSTRAINT storage_customuser_groups_pkey PRIMARY KEY (id);


--
-- Name: storage_customuser storage_customuser_pkey; Type: CONSTRAINT; Schema: public; Owner: postgres
--

ALTER TABLE ONLY public.storage_customuser
    ADD CONSTRAINT storage_customuser_pkey PRIMARY KEY (id);


--
-- Name: storage_customuser_user_permissions storage_customuser_user__customuser_id_permission_314cfdad_uniq; Type: CONSTRAINT; Schema: public; Owner: postgres
--

ALTER TABLE ONLY public.storage_customuser_user_permissions
    ADD CONSTRAINT storage_customuser_user__customuser_id_permission_314cfdad_uniq UNIQUE (customuser_id, permission_id);


--
-- Name: storage_customuser_user_permissions storage_customuser_user_permissions_pkey; Type: CONSTRAINT; Schema: public; Owner: postgres
--

ALTER TABLE ONLY public.storage_customuser_user_permissions
    ADD CONSTRAINT storage_customuser_user_permissions_pkey PRIMARY KEY (id);


--
-- Name: storage_customuser storage_customuser_username_key; Type: CONSTRAINT; Schema: public; Owner: postgres
--

ALTER TABLE ONLY public.storage_customuser
    ADD CONSTRAINT storage_customuser_username_key UNIQUE (username);


--
-- Name: storage_departments storage_departments_name_53b96ab3_uniq; Type: CONSTRAINT; Schema: public; Owner: postgres
--

ALTER TABLE ONLY public.storage_departments
    ADD CONSTRAINT storage_departments_name_53b96ab3_uniq UNIQUE (name);


--
-- Name: storage_departments storage_departments_pkey; Type: CONSTRAINT; Schema: public; Owner: postgres
--

ALTER TABLE ONLY public.storage_departments
    ADD CONSTRAINT storage_departments_pkey PRIMARY KEY (id);


--
-- Name: storage_modelaccesscontrol_groups storage_modelaccesscontr_modelaccesscontrol_id_gr_ab2705f4_uniq; Type: CONSTRAINT; Schema: public; Owner: postgres
--

ALTER TABLE ONLY public.storage_modelaccesscontrol_groups
    ADD CONSTRAINT storage_modelaccesscontr_modelaccesscontrol_id_gr_ab2705f4_uniq UNIQUE (modelaccesscontrol_id, group_id);


--
-- Name: storage_modelaccesscontrol_groups storage_modelaccesscontrol_groups_pkey; Type: CONSTRAINT; Schema: public; Owner: postgres
--

ALTER TABLE ONLY public.storage_modelaccesscontrol_groups
    ADD CONSTRAINT storage_modelaccesscontrol_groups_pkey PRIMARY KEY (id);


--
-- Name: storage_modelaccesscontrol storage_modelaccesscontrol_pkey; Type: CONSTRAINT; Schema: public; Owner: postgres
--

ALTER TABLE ONLY public.storage_modelaccesscontrol
    ADD CONSTRAINT storage_modelaccesscontrol_pkey PRIMARY KEY (id);


--
-- Name: storage_modelcolors storage_modelcolors_pkey; Type: CONSTRAINT; Schema: public; Owner: postgres
--

ALTER TABLE ONLY public.storage_modelcolors
    ADD CONSTRAINT storage_modelcolors_pkey PRIMARY KEY (id);


--
-- Name: storage_orders storage_orders_pkey; Type: CONSTRAINT; Schema: public; Owner: postgres
--

ALTER TABLE ONLY public.storage_orders
    ADD CONSTRAINT storage_orders_pkey PRIMARY KEY (id);


--
-- Name: storage_pivottable storage_pivottable_pkey; Type: CONSTRAINT; Schema: public; Owner: postgres
--

ALTER TABLE ONLY public.storage_pivottable
    ADD CONSTRAINT storage_pivottable_pkey PRIMARY KEY (id);


--
-- Name: storage_productmovies storage_productmovies_pkey; Type: CONSTRAINT; Schema: public; Owner: postgres
--

ALTER TABLE ONLY public.storage_productmovies
    ADD CONSTRAINT storage_productmovies_pkey PRIMARY KEY (id);


--
-- Name: storage_productrequest storage_productrequest_pkey; Type: CONSTRAINT; Schema: public; Owner: postgres
--

ALTER TABLE ONLY public.storage_productrequest
    ADD CONSTRAINT storage_productrequest_pkey PRIMARY KEY (id);


--
-- Name: storage_products_categories storage_products_categor_products_id_categories_i_2510c30f_uniq; Type: CONSTRAINT; Schema: public; Owner: postgres
--

ALTER TABLE ONLY public.storage_products_categories
    ADD CONSTRAINT storage_products_categor_products_id_categories_i_2510c30f_uniq UNIQUE (products_id, categories_id);


--
-- Name: storage_products_categories storage_products_categories_pkey; Type: CONSTRAINT; Schema: public; Owner: postgres
--

ALTER TABLE ONLY public.storage_products_categories
    ADD CONSTRAINT storage_products_categories_pkey PRIMARY KEY (id);


--
-- Name: storage_products_near_products storage_products_near_pr_from_products_id_to_prod_4c2fc40a_uniq; Type: CONSTRAINT; Schema: public; Owner: postgres
--

ALTER TABLE ONLY public.storage_products_near_products
    ADD CONSTRAINT storage_products_near_pr_from_products_id_to_prod_4c2fc40a_uniq UNIQUE (from_products_id, to_products_id);


--
-- Name: storage_products_near_products storage_products_near_products_pkey; Type: CONSTRAINT; Schema: public; Owner: postgres
--

ALTER TABLE ONLY public.storage_products_near_products
    ADD CONSTRAINT storage_products_near_products_pkey PRIMARY KEY (id);


--
-- Name: storage_products storage_products_pkey; Type: CONSTRAINT; Schema: public; Owner: postgres
--

ALTER TABLE ONLY public.storage_products
    ADD CONSTRAINT storage_products_pkey PRIMARY KEY (id);


--
-- Name: storage_projects storage_projects_pkey; Type: CONSTRAINT; Schema: public; Owner: postgres
--

ALTER TABLE ONLY public.storage_projects
    ADD CONSTRAINT storage_projects_pkey PRIMARY KEY (id);


--
-- Name: storage_storagecells storage_storagecells_pkey; Type: CONSTRAINT; Schema: public; Owner: postgres
--

ALTER TABLE ONLY public.storage_storagecells
    ADD CONSTRAINT storage_storagecells_pkey PRIMARY KEY (id);


--
-- Name: storage_suppliers storage_suppliers_pkey; Type: CONSTRAINT; Schema: public; Owner: postgres
--

ALTER TABLE ONLY public.storage_suppliers
    ADD CONSTRAINT storage_suppliers_pkey PRIMARY KEY (id);


--
-- Name: auth_group_name_a6ea08ec_like; Type: INDEX; Schema: public; Owner: postgres
--

CREATE INDEX auth_group_name_a6ea08ec_like ON public.auth_group USING btree (name varchar_pattern_ops);


--
-- Name: auth_group_permissions_group_id_b120cbf9; Type: INDEX; Schema: public; Owner: postgres
--

CREATE INDEX auth_group_permissions_group_id_b120cbf9 ON public.auth_group_permissions USING btree (group_id);


--
-- Name: auth_group_permissions_permission_id_84c5c92e; Type: INDEX; Schema: public; Owner: postgres
--

CREATE INDEX auth_group_permissions_permission_id_84c5c92e ON public.auth_group_permissions USING btree (permission_id);


--
-- Name: auth_permission_content_type_id_2f476e4b; Type: INDEX; Schema: public; Owner: postgres
--

CREATE INDEX auth_permission_content_type_id_2f476e4b ON public.auth_permission USING btree (content_type_id);


--
-- Name: django_admin_log_content_type_id_c4bce8eb; Type: INDEX; Schema: public; Owner: postgres
--

CREATE INDEX django_admin_log_content_type_id_c4bce8eb ON public.django_admin_log USING btree (content_type_id);


--
-- Name: django_admin_log_user_id_c564eba6; Type: INDEX; Schema: public; Owner: postgres
--

CREATE INDEX django_admin_log_user_id_c564eba6 ON public.django_admin_log USING btree (user_id);


--
-- Name: django_session_expire_date_a5c62663; Type: INDEX; Schema: public; Owner: postgres
--

CREATE INDEX django_session_expire_date_a5c62663 ON public.django_session USING btree (expire_date);


--
-- Name: django_session_session_key_c0390e0f_like; Type: INDEX; Schema: public; Owner: postgres
--

CREATE INDEX django_session_session_key_c0390e0f_like ON public.django_session USING btree (session_key varchar_pattern_ops);


--
-- Name: storage_categories_name_19a144e2; Type: INDEX; Schema: public; Owner: postgres
--

CREATE INDEX storage_categories_name_19a144e2 ON public.storage_categories USING btree (name);


--
-- Name: storage_categories_name_19a144e2_like; Type: INDEX; Schema: public; Owner: postgres
--

CREATE INDEX storage_categories_name_19a144e2_like ON public.storage_categories USING btree (name varchar_pattern_ops);


--
-- Name: storage_customuser_department_id_c60d6455; Type: INDEX; Schema: public; Owner: postgres
--

CREATE INDEX storage_customuser_department_id_c60d6455 ON public.storage_customuser USING btree (department_id);


--
-- Name: storage_customuser_groups_customuser_id_73ed16cd; Type: INDEX; Schema: public; Owner: postgres
--

CREATE INDEX storage_customuser_groups_customuser_id_73ed16cd ON public.storage_customuser_groups USING btree (customuser_id);


--
-- Name: storage_customuser_groups_group_id_63516b8c; Type: INDEX; Schema: public; Owner: postgres
--

CREATE INDEX storage_customuser_groups_group_id_63516b8c ON public.storage_customuser_groups USING btree (group_id);


--
-- Name: storage_customuser_user_permissions_customuser_id_c631429b; Type: INDEX; Schema: public; Owner: postgres
--

CREATE INDEX storage_customuser_user_permissions_customuser_id_c631429b ON public.storage_customuser_user_permissions USING btree (customuser_id);


--
-- Name: storage_customuser_user_permissions_permission_id_c0553242; Type: INDEX; Schema: public; Owner: postgres
--

CREATE INDEX storage_customuser_user_permissions_permission_id_c0553242 ON public.storage_customuser_user_permissions USING btree (permission_id);


--
-- Name: storage_customuser_username_a3c9b22f_like; Type: INDEX; Schema: public; Owner: postgres
--

CREATE INDEX storage_customuser_username_a3c9b22f_like ON public.storage_customuser USING btree (username varchar_pattern_ops);


--
-- Name: storage_departments_name_53b96ab3_like; Type: INDEX; Schema: public; Owner: postgres
--

CREATE INDEX storage_departments_name_53b96ab3_like ON public.storage_departments USING btree (name varchar_pattern_ops);


--
-- Name: storage_modelaccesscontrol_groups_group_id_7c616ddc; Type: INDEX; Schema: public; Owner: postgres
--

CREATE INDEX storage_modelaccesscontrol_groups_group_id_7c616ddc ON public.storage_modelaccesscontrol_groups USING btree (group_id);


--
-- Name: storage_modelaccesscontrol_model_name_id_c14f2335; Type: INDEX; Schema: public; Owner: postgres
--

CREATE INDEX storage_modelaccesscontrol_model_name_id_c14f2335 ON public.storage_modelaccesscontrol USING btree (model_name_id);


--
-- Name: storage_modelaccesscontrol_modelaccesscontrol_id_d7a27d2d; Type: INDEX; Schema: public; Owner: postgres
--

CREATE INDEX storage_modelaccesscontrol_modelaccesscontrol_id_d7a27d2d ON public.storage_modelaccesscontrol_groups USING btree (modelaccesscontrol_id);


--
-- Name: storage_orders_manager_id_d61d5c04; Type: INDEX; Schema: public; Owner: postgres
--

CREATE INDEX storage_orders_manager_id_d61d5c04 ON public.storage_orders USING btree (manager_id);


--
-- Name: storage_orders_product_request_id_cf6c6926; Type: INDEX; Schema: public; Owner: postgres
--

CREATE INDEX storage_orders_product_request_id_cf6c6926 ON public.storage_orders USING btree (product_request_id);


--
-- Name: storage_pivottable_order_id_aef7fd17; Type: INDEX; Schema: public; Owner: postgres
--

CREATE INDEX storage_pivottable_order_id_aef7fd17 ON public.storage_pivottable USING btree (order_id);


--
-- Name: storage_pivottable_product_movie_id_846fade0; Type: INDEX; Schema: public; Owner: postgres
--

CREATE INDEX storage_pivottable_product_movie_id_846fade0 ON public.storage_pivottable USING btree (product_movie_id);


--
-- Name: storage_pivottable_product_name_id_ae7a8f80; Type: INDEX; Schema: public; Owner: postgres
--

CREATE INDEX storage_pivottable_product_name_id_ae7a8f80 ON public.storage_pivottable USING btree (product_name_id);


--
-- Name: storage_pivottable_product_request_id_2b6624ef; Type: INDEX; Schema: public; Owner: postgres
--

CREATE INDEX storage_pivottable_product_request_id_2b6624ef ON public.storage_pivottable USING btree (product_request_id);


--
-- Name: storage_pivottable_responsible_id_65ca0fcc; Type: INDEX; Schema: public; Owner: postgres
--

CREATE INDEX storage_pivottable_responsible_id_65ca0fcc ON public.storage_pivottable USING btree (responsible_id);


--
-- Name: storage_productmovies_new_cell_id_5d71e294; Type: INDEX; Schema: public; Owner: postgres
--

CREATE INDEX storage_productmovies_new_cell_id_5d71e294 ON public.storage_productmovies USING btree (new_cell_id);


--
-- Name: storage_productmovies_product_id_1d3e2d84; Type: INDEX; Schema: public; Owner: postgres
--

CREATE INDEX storage_productmovies_product_id_1d3e2d84 ON public.storage_productmovies USING btree (product_id);


--
-- Name: storage_productrequest_product_id_450c5a5c; Type: INDEX; Schema: public; Owner: postgres
--

CREATE INDEX storage_productrequest_product_id_450c5a5c ON public.storage_productrequest USING btree (product_id);


--
-- Name: storage_productrequest_project_id_555d2954; Type: INDEX; Schema: public; Owner: postgres
--

CREATE INDEX storage_productrequest_project_id_555d2954 ON public.storage_productrequest USING btree (project_id);


--
-- Name: storage_productrequest_responsible_id_53409238; Type: INDEX; Schema: public; Owner: postgres
--

CREATE INDEX storage_productrequest_responsible_id_53409238 ON public.storage_productrequest USING btree (responsible_id);


--
-- Name: storage_products_categories_categories_id_e6402df4; Type: INDEX; Schema: public; Owner: postgres
--

CREATE INDEX storage_products_categories_categories_id_e6402df4 ON public.storage_products_categories USING btree (categories_id);


--
-- Name: storage_products_categories_products_id_42a4fef2; Type: INDEX; Schema: public; Owner: postgres
--

CREATE INDEX storage_products_categories_products_id_42a4fef2 ON public.storage_products_categories USING btree (products_id);


--
-- Name: storage_products_near_products_from_products_id_e205a197; Type: INDEX; Schema: public; Owner: postgres
--

CREATE INDEX storage_products_near_products_from_products_id_e205a197 ON public.storage_products_near_products USING btree (from_products_id);


--
-- Name: storage_products_near_products_to_products_id_6752c0a6; Type: INDEX; Schema: public; Owner: postgres
--

CREATE INDEX storage_products_near_products_to_products_id_6752c0a6 ON public.storage_products_near_products USING btree (to_products_id);


--
-- Name: storage_products_supplier_id_d0a68201; Type: INDEX; Schema: public; Owner: postgres
--

CREATE INDEX storage_products_supplier_id_d0a68201 ON public.storage_products USING btree (supplier_id);


--
-- Name: storage_projects_engineer_id_5935a9a2; Type: INDEX; Schema: public; Owner: postgres
--

CREATE INDEX storage_projects_engineer_id_5935a9a2 ON public.storage_projects USING btree (engineer_id);


--
-- Name: storage_projects_manager_id_7b8a0152; Type: INDEX; Schema: public; Owner: postgres
--

CREATE INDEX storage_projects_manager_id_7b8a0152 ON public.storage_projects USING btree (manager_id);


--
-- Name: auth_group_permissions auth_group_permissio_permission_id_84c5c92e_fk_auth_perm; Type: FK CONSTRAINT; Schema: public; Owner: postgres
--

ALTER TABLE ONLY public.auth_group_permissions
    ADD CONSTRAINT auth_group_permissio_permission_id_84c5c92e_fk_auth_perm FOREIGN KEY (permission_id) REFERENCES public.auth_permission(id) DEFERRABLE INITIALLY DEFERRED;


--
-- Name: auth_group_permissions auth_group_permissions_group_id_b120cbf9_fk_auth_group_id; Type: FK CONSTRAINT; Schema: public; Owner: postgres
--

ALTER TABLE ONLY public.auth_group_permissions
    ADD CONSTRAINT auth_group_permissions_group_id_b120cbf9_fk_auth_group_id FOREIGN KEY (group_id) REFERENCES public.auth_group(id) DEFERRABLE INITIALLY DEFERRED;


--
-- Name: auth_permission auth_permission_content_type_id_2f476e4b_fk_django_co; Type: FK CONSTRAINT; Schema: public; Owner: postgres
--

ALTER TABLE ONLY public.auth_permission
    ADD CONSTRAINT auth_permission_content_type_id_2f476e4b_fk_django_co FOREIGN KEY (content_type_id) REFERENCES public.django_content_type(id) DEFERRABLE INITIALLY DEFERRED;


--
-- Name: django_admin_log django_admin_log_content_type_id_c4bce8eb_fk_django_co; Type: FK CONSTRAINT; Schema: public; Owner: postgres
--

ALTER TABLE ONLY public.django_admin_log
    ADD CONSTRAINT django_admin_log_content_type_id_c4bce8eb_fk_django_co FOREIGN KEY (content_type_id) REFERENCES public.django_content_type(id) DEFERRABLE INITIALLY DEFERRED;


--
-- Name: django_admin_log django_admin_log_user_id_c564eba6_fk_storage_customuser_id; Type: FK CONSTRAINT; Schema: public; Owner: postgres
--

ALTER TABLE ONLY public.django_admin_log
    ADD CONSTRAINT django_admin_log_user_id_c564eba6_fk_storage_customuser_id FOREIGN KEY (user_id) REFERENCES public.storage_customuser(id) DEFERRABLE INITIALLY DEFERRED;


--
-- Name: storage_customuser storage_customuser_department_id_c60d6455_fk_storage_d; Type: FK CONSTRAINT; Schema: public; Owner: postgres
--

ALTER TABLE ONLY public.storage_customuser
    ADD CONSTRAINT storage_customuser_department_id_c60d6455_fk_storage_d FOREIGN KEY (department_id) REFERENCES public.storage_departments(id) DEFERRABLE INITIALLY DEFERRED;


--
-- Name: storage_customuser_groups storage_customuser_g_customuser_id_73ed16cd_fk_storage_c; Type: FK CONSTRAINT; Schema: public; Owner: postgres
--

ALTER TABLE ONLY public.storage_customuser_groups
    ADD CONSTRAINT storage_customuser_g_customuser_id_73ed16cd_fk_storage_c FOREIGN KEY (customuser_id) REFERENCES public.storage_customuser(id) DEFERRABLE INITIALLY DEFERRED;


--
-- Name: storage_customuser_groups storage_customuser_groups_group_id_63516b8c_fk_auth_group_id; Type: FK CONSTRAINT; Schema: public; Owner: postgres
--

ALTER TABLE ONLY public.storage_customuser_groups
    ADD CONSTRAINT storage_customuser_groups_group_id_63516b8c_fk_auth_group_id FOREIGN KEY (group_id) REFERENCES public.auth_group(id) DEFERRABLE INITIALLY DEFERRED;


--
-- Name: storage_customuser_user_permissions storage_customuser_u_customuser_id_c631429b_fk_storage_c; Type: FK CONSTRAINT; Schema: public; Owner: postgres
--

ALTER TABLE ONLY public.storage_customuser_user_permissions
    ADD CONSTRAINT storage_customuser_u_customuser_id_c631429b_fk_storage_c FOREIGN KEY (customuser_id) REFERENCES public.storage_customuser(id) DEFERRABLE INITIALLY DEFERRED;


--
-- Name: storage_customuser_user_permissions storage_customuser_u_permission_id_c0553242_fk_auth_perm; Type: FK CONSTRAINT; Schema: public; Owner: postgres
--

ALTER TABLE ONLY public.storage_customuser_user_permissions
    ADD CONSTRAINT storage_customuser_u_permission_id_c0553242_fk_auth_perm FOREIGN KEY (permission_id) REFERENCES public.auth_permission(id) DEFERRABLE INITIALLY DEFERRED;


--
-- Name: storage_modelaccesscontrol_groups storage_modelaccessc_group_id_7c616ddc_fk_auth_grou; Type: FK CONSTRAINT; Schema: public; Owner: postgres
--

ALTER TABLE ONLY public.storage_modelaccesscontrol_groups
    ADD CONSTRAINT storage_modelaccessc_group_id_7c616ddc_fk_auth_grou FOREIGN KEY (group_id) REFERENCES public.auth_group(id) DEFERRABLE INITIALLY DEFERRED;


--
-- Name: storage_modelaccesscontrol storage_modelaccessc_model_name_id_c14f2335_fk_django_co; Type: FK CONSTRAINT; Schema: public; Owner: postgres
--

ALTER TABLE ONLY public.storage_modelaccesscontrol
    ADD CONSTRAINT storage_modelaccessc_model_name_id_c14f2335_fk_django_co FOREIGN KEY (model_name_id) REFERENCES public.django_content_type(id) DEFERRABLE INITIALLY DEFERRED;


--
-- Name: storage_modelaccesscontrol_groups storage_modelaccessc_modelaccesscontrol_i_d7a27d2d_fk_storage_m; Type: FK CONSTRAINT; Schema: public; Owner: postgres
--

ALTER TABLE ONLY public.storage_modelaccesscontrol_groups
    ADD CONSTRAINT storage_modelaccessc_modelaccesscontrol_i_d7a27d2d_fk_storage_m FOREIGN KEY (modelaccesscontrol_id) REFERENCES public.storage_modelaccesscontrol(id) DEFERRABLE INITIALLY DEFERRED;


--
-- Name: storage_orders storage_orders_manager_id_d61d5c04_fk_storage_customuser_id; Type: FK CONSTRAINT; Schema: public; Owner: postgres
--

ALTER TABLE ONLY public.storage_orders
    ADD CONSTRAINT storage_orders_manager_id_d61d5c04_fk_storage_customuser_id FOREIGN KEY (manager_id) REFERENCES public.storage_customuser(id) DEFERRABLE INITIALLY DEFERRED;


--
-- Name: storage_orders storage_orders_product_request_id_cf6c6926_fk_storage_p; Type: FK CONSTRAINT; Schema: public; Owner: postgres
--

ALTER TABLE ONLY public.storage_orders
    ADD CONSTRAINT storage_orders_product_request_id_cf6c6926_fk_storage_p FOREIGN KEY (product_request_id) REFERENCES public.storage_productrequest(id) DEFERRABLE INITIALLY DEFERRED;


--
-- Name: storage_pivottable storage_pivottable_order_id_aef7fd17_fk_storage_orders_id; Type: FK CONSTRAINT; Schema: public; Owner: postgres
--

ALTER TABLE ONLY public.storage_pivottable
    ADD CONSTRAINT storage_pivottable_order_id_aef7fd17_fk_storage_orders_id FOREIGN KEY (order_id) REFERENCES public.storage_orders(id) DEFERRABLE INITIALLY DEFERRED;


--
-- Name: storage_pivottable storage_pivottable_product_movie_id_846fade0_fk_storage_p; Type: FK CONSTRAINT; Schema: public; Owner: postgres
--

ALTER TABLE ONLY public.storage_pivottable
    ADD CONSTRAINT storage_pivottable_product_movie_id_846fade0_fk_storage_p FOREIGN KEY (product_movie_id) REFERENCES public.storage_productmovies(id) DEFERRABLE INITIALLY DEFERRED;


--
-- Name: storage_pivottable storage_pivottable_product_name_id_ae7a8f80_fk_storage_p; Type: FK CONSTRAINT; Schema: public; Owner: postgres
--

ALTER TABLE ONLY public.storage_pivottable
    ADD CONSTRAINT storage_pivottable_product_name_id_ae7a8f80_fk_storage_p FOREIGN KEY (product_name_id) REFERENCES public.storage_products(id) DEFERRABLE INITIALLY DEFERRED;


--
-- Name: storage_pivottable storage_pivottable_product_request_id_2b6624ef_fk_storage_p; Type: FK CONSTRAINT; Schema: public; Owner: postgres
--

ALTER TABLE ONLY public.storage_pivottable
    ADD CONSTRAINT storage_pivottable_product_request_id_2b6624ef_fk_storage_p FOREIGN KEY (product_request_id) REFERENCES public.storage_productrequest(id) DEFERRABLE INITIALLY DEFERRED;


--
-- Name: storage_pivottable storage_pivottable_responsible_id_65ca0fcc_fk_storage_c; Type: FK CONSTRAINT; Schema: public; Owner: postgres
--

ALTER TABLE ONLY public.storage_pivottable
    ADD CONSTRAINT storage_pivottable_responsible_id_65ca0fcc_fk_storage_c FOREIGN KEY (responsible_id) REFERENCES public.storage_customuser(id) DEFERRABLE INITIALLY DEFERRED;


--
-- Name: storage_productmovies storage_productmovie_new_cell_id_5d71e294_fk_storage_s; Type: FK CONSTRAINT; Schema: public; Owner: postgres
--

ALTER TABLE ONLY public.storage_productmovies
    ADD CONSTRAINT storage_productmovie_new_cell_id_5d71e294_fk_storage_s FOREIGN KEY (new_cell_id) REFERENCES public.storage_storagecells(id) DEFERRABLE INITIALLY DEFERRED;


--
-- Name: storage_productmovies storage_productmovie_product_id_1d3e2d84_fk_storage_p; Type: FK CONSTRAINT; Schema: public; Owner: postgres
--

ALTER TABLE ONLY public.storage_productmovies
    ADD CONSTRAINT storage_productmovie_product_id_1d3e2d84_fk_storage_p FOREIGN KEY (product_id) REFERENCES public.storage_products(id) DEFERRABLE INITIALLY DEFERRED;


--
-- Name: storage_productrequest storage_productreque_product_id_450c5a5c_fk_storage_p; Type: FK CONSTRAINT; Schema: public; Owner: postgres
--

ALTER TABLE ONLY public.storage_productrequest
    ADD CONSTRAINT storage_productreque_product_id_450c5a5c_fk_storage_p FOREIGN KEY (product_id) REFERENCES public.storage_products(id) DEFERRABLE INITIALLY DEFERRED;


--
-- Name: storage_productrequest storage_productreque_project_id_555d2954_fk_storage_p; Type: FK CONSTRAINT; Schema: public; Owner: postgres
--

ALTER TABLE ONLY public.storage_productrequest
    ADD CONSTRAINT storage_productreque_project_id_555d2954_fk_storage_p FOREIGN KEY (project_id) REFERENCES public.storage_projects(id) DEFERRABLE INITIALLY DEFERRED;


--
-- Name: storage_productrequest storage_productreque_responsible_id_53409238_fk_storage_c; Type: FK CONSTRAINT; Schema: public; Owner: postgres
--

ALTER TABLE ONLY public.storage_productrequest
    ADD CONSTRAINT storage_productreque_responsible_id_53409238_fk_storage_c FOREIGN KEY (responsible_id) REFERENCES public.storage_customuser(id) DEFERRABLE INITIALLY DEFERRED;


--
-- Name: storage_products_categories storage_products_cat_categories_id_e6402df4_fk_storage_c; Type: FK CONSTRAINT; Schema: public; Owner: postgres
--

ALTER TABLE ONLY public.storage_products_categories
    ADD CONSTRAINT storage_products_cat_categories_id_e6402df4_fk_storage_c FOREIGN KEY (categories_id) REFERENCES public.storage_categories(id) DEFERRABLE INITIALLY DEFERRED;


--
-- Name: storage_products_categories storage_products_cat_products_id_42a4fef2_fk_storage_p; Type: FK CONSTRAINT; Schema: public; Owner: postgres
--

ALTER TABLE ONLY public.storage_products_categories
    ADD CONSTRAINT storage_products_cat_products_id_42a4fef2_fk_storage_p FOREIGN KEY (products_id) REFERENCES public.storage_products(id) DEFERRABLE INITIALLY DEFERRED;


--
-- Name: storage_products_near_products storage_products_nea_from_products_id_e205a197_fk_storage_p; Type: FK CONSTRAINT; Schema: public; Owner: postgres
--

ALTER TABLE ONLY public.storage_products_near_products
    ADD CONSTRAINT storage_products_nea_from_products_id_e205a197_fk_storage_p FOREIGN KEY (from_products_id) REFERENCES public.storage_products(id) DEFERRABLE INITIALLY DEFERRED;


--
-- Name: storage_products_near_products storage_products_nea_to_products_id_6752c0a6_fk_storage_p; Type: FK CONSTRAINT; Schema: public; Owner: postgres
--

ALTER TABLE ONLY public.storage_products_near_products
    ADD CONSTRAINT storage_products_nea_to_products_id_6752c0a6_fk_storage_p FOREIGN KEY (to_products_id) REFERENCES public.storage_products(id) DEFERRABLE INITIALLY DEFERRED;


--
-- Name: storage_products storage_products_supplier_id_d0a68201_fk_storage_suppliers_id; Type: FK CONSTRAINT; Schema: public; Owner: postgres
--

ALTER TABLE ONLY public.storage_products
    ADD CONSTRAINT storage_products_supplier_id_d0a68201_fk_storage_suppliers_id FOREIGN KEY (supplier_id) REFERENCES public.storage_suppliers(id) DEFERRABLE INITIALLY DEFERRED;


--
-- Name: storage_projects storage_projects_engineer_id_5935a9a2_fk_storage_customuser_id; Type: FK CONSTRAINT; Schema: public; Owner: postgres
--

ALTER TABLE ONLY public.storage_projects
    ADD CONSTRAINT storage_projects_engineer_id_5935a9a2_fk_storage_customuser_id FOREIGN KEY (engineer_id) REFERENCES public.storage_customuser(id) DEFERRABLE INITIALLY DEFERRED;


--
-- Name: storage_projects storage_projects_manager_id_7b8a0152_fk_storage_customuser_id; Type: FK CONSTRAINT; Schema: public; Owner: postgres
--

ALTER TABLE ONLY public.storage_projects
    ADD CONSTRAINT storage_projects_manager_id_7b8a0152_fk_storage_customuser_id FOREIGN KEY (manager_id) REFERENCES public.storage_customuser(id) DEFERRABLE INITIALLY DEFERRED;


--
-- PostgreSQL database dump complete
--

